delta,time,model_stock,model_effort,real_stock,real_effort
0.0,1,-0.0036691843856090614,-0.0036715307467813834,0.00105117880929632,-9.268560156718652e-5
0.0,2,0.00025170532163661444,0.00025029095641286277,-0.0013152766353371746,-0.003722888986393038
0.0,3,0.0035072828313915745,0.003506443461783886,-0.0052032074876604,-0.009712280266911351
0.0,4,0.006216092531580689,0.0062155636984571,-0.002469060087256786,0.0009656708145117902
0.0,5,0.00847335190486964,0.008473194892684574,0.003149412806770551,0.008858172135269037
0.0,6,0.010376807791597829,0.010377122427418313,0.0007196810000091569,-0.0016985432484186603
0.0,7,0.012013652501427175,0.012014509709354049,0.0008649493199744635,0.0002646009479329489
0.0,8,0.013459473618414783,0.013460917365401307,0.0022214235508583027,0.003785284879187656
0.0,9,0.01478173896042604,0.014783801132862632,-0.0024123994844817967,-0.007625927758318684
0.0,10,0.01604293794940912,0.01604565217099932,0.0017283236483498108,0.0062492828059905895
0.0,11,0.01730351038811943,0.017306922878093076,0.0035297768797967473,0.005886080682446792
0.0,12,0.01862468851729557,0.01862886674641471,0.009019408909841101,0.014808833039055419
0.0,13,0.020071538337563765,0.020076578647580095,0.015427098913568747,0.02116795826780387
0.0,14,0.021716064148131726,0.02172209917024235,0.017152341946225547,0.019471811377116004
0.0,15,0.02364085742283657,0.02364806413313396,0.01753468448839314,0.01840149627865301
0.0,16,0.025943222523552207,0.025951831432410484,0.02290863482972305,0.026884571751505378
0.0,17,0.028707839138754406,0.028718127553701005,0.029243031805064473,0.036387715255927974
0.0,18,0.032038241052518596,0.03205054254892431,0.038262336594180296,0.04599948419346073
0.0,19,0.035755289215768045,0.03576983917194101,0.04608773739149015,0.05436415512454066
0.0,20,0.039893815036199605,0.03991086723051946,0.04162562282149984,0.04015622432651138
0.0,21,0.04449767637314408,0.044517507941801586,0.04656917930017382,0.04945758684026005
0.0,22,0.04963350508021277,0.04965642830241828,0.05163051227270508,0.05769531935054441
0.0,23,0.055280373395819586,0.05530668795195875,0.05813504759483227,0.06459730045776037
0.0,24,0.06162734637741332,0.0616574497427759,0.06488819664339028,0.07395444440404267
0.0,25,0.06858216929351235,0.06861640408369132,0.06865168831882774,0.07019033842802969
0.0,26,0.07587857989126068,0.07591714217336845,0.07203298249794736,0.07555623429454736
0.0,27,0.0834837081285557,0.08352677212168319,0.08384849511312348,0.09553719961518657
0.0,28,0.09180991472731245,0.09185786077448452,0.09363410455000698,0.10347070667938538
0.0,29,0.10098631427057181,0.10103957138647757,0.10051007048269535,0.1114691548235635
0.0,30,0.11154883357089886,0.11160806352791884,0.10449742379252559,0.11396370432948526
0.0,31,0.12044542145622768,0.12050972727567585,0.11330503034964279,0.1290830827750107
0.0,32,0.12793779263155303,0.1280064095789354,0.12062000095005083,0.1412570465447185
0.0,33,0.13424683853647998,0.13431911446406367,0.11425975930320448,0.1193512261818309
0.0,34,0.13955893407024303,0.13963431289902115,0.1105658836433257,0.11299083983141193
0.0,35,0.14403123611370441,0.1441092440004785,0.12519367236989581,0.13890670062927293
0.0,36,0.14779625316914663,0.14787648677662762,0.126718830829864,0.13468309326821862
0.0,37,0.1509656552649285,0.15104777166724753,0.13423983475662069,0.14072512723881314
0.0,38,0.15363353296951512,0.1537172409530654,0.12407830506550178,0.11496396449484836
0.0,39,0.15587915670021213,0.15596420924757123,0.12195816397765424,0.12139671427935732
0.0,40,0.15776928454961825,0.1578554723458328,0.11519335621157645,0.11278313806108277
0.0,41,0.15936014478933985,0.15944729064163893,0.10331815408836566,0.11273582681209773
0.0,42,0.1606990906185079,0.1607870446520906,0.09184829404332437,0.10066584975621005
0.0,43,0.1618259929245535,0.16191462846656612,0.11324065566059521,0.12505421326364685
0.0,44,0.16277440036777896,0.16286361041504918,0.11608886015775406,0.12975129622529083
0.0,45,0.16357256124973124,0.16366225546153737,0.12380661494510622,0.13098197798692954
0.0,46,0.16424427583613366,0.16433437799145595,0.11417152018983967,0.12273188737133137
0.0,47,0.164809558817151,0.16490000462024118,0.11946604800659733,0.10946933506001344
0.0,48,0.16528524758385105,0.16537598281243038,0.12027263800930206,0.12349621869958492
0.0,49,0.16568553126407362,0.16577651021303721,0.10885241805942035,0.11161976058475545
0.0,50,0.16602232836613537,0.1661135125000074,0.1220432415496862,0.12295338565712906
0.0,51,0.16630566117399664,0.1663970180083212,0.11216530513967442,0.10329371935042267
0.0,52,0.16654454425319007,0.16663604676547777,0.1329326949577061,0.1371320883313586
0.1,1,-0.002877847284675135,-0.002323547152602205,0.00105117880929632,-9.268560156718652e-5
0.1,2,0.000948041619482647,0.0014201050474609627,-0.0013152766353371746,-0.003722888986393038
0.1,3,0.003994346676216496,0.0043969285019057995,-0.0052032074876604,-0.009712280266911351
0.1,4,0.006430906815192136,0.006775261533722206,-0.002469060087256786,0.0009656708145117902
0.1,5,0.008383602180266219,0.008679761841462854,0.003149412806770551,0.008858172135269037
0.1,6,0.009972428586362636,0.01023166651766058,0.0007196810000091569,-0.0016985432484186603
0.1,7,0.011298093284731985,0.011530469585420955,0.0008649493199744635,0.0002646009479329489
0.1,8,0.012443377272687722,0.012657443641560889,0.0022214235508583027,0.003785284879187656
0.1,9,0.013479257207457915,0.013682528704410639,-0.0024123994844817967,-0.007625927758318684
0.1,10,0.014469847335097083,0.01466924953745839,0.0017283236483498108,0.0062492828059905895
0.1,11,0.015476674225933969,0.01567896685629817,0.0035297768797967473,0.005886080682446792
0.1,12,0.01656271779739009,0.016774918898898435,0.009019408909841101,0.014808833039055419
0.1,13,0.017796427524513915,0.01802625048955429,0.015427098913568747,0.02116795826780387
0.1,14,0.01925613227441208,0.019512477482280757,0.017152341946225547,0.019471811377116004
0.1,15,0.021035068524833393,0.021328592675229723,0.01753468448839314,0.01840149627865301
0.1,16,0.02324733139099092,0.02359112823317297,0.02290863482972305,0.026884571751505378
0.1,17,0.025992600774590063,0.026398266110921942,0.029243031805064473,0.036387715255927974
0.1,18,0.02939844766562011,0.029880810601697193,0.038262336594180296,0.04599948419346073
0.1,19,0.03322145079033152,0.03375386381062522,0.04608773739149015,0.05436415512454066
0.1,20,0.037502393558419514,0.0380898295093655,0.04162562282149984,0.04015622432651138
0.1,21,0.042294689914068304,0.042943579749886426,0.04656917930017382,0.04945758684026005
0.1,22,0.04768317210230647,0.04840352510465646,0.05163051227270508,0.05769531935054441
0.1,23,0.053638148735670084,0.054427216406072204,0.05813504759483227,0.06459730045776037
0.1,24,0.060411269652602274,0.061297824716651926,0.06488819664339028,0.07395444440404267
0.1,25,0.06788441472940308,0.06885602007435598,0.06865168831882774,0.07019033842802969
0.1,26,0.07571132622222888,0.07672983608005572,0.07203298249794736,0.07555623429454736
0.1,27,0.08385705771495729,0.08491887848756864,0.08384849511312348,0.09553719961518657
0.1,28,0.09288102501624529,0.09404917063375798,0.09363410455000698,0.10347070667938538
0.1,29,0.10297396491377189,0.10427066489763494,0.10051007048269535,0.1114691548235635
0.1,30,0.11488356165762482,0.1163936440864196,0.10449742379252559,0.11396370432948526
0.1,31,0.12461503024083886,0.125892426487816,0.11330503034964279,0.1290830827750107
0.1,32,0.1325663696976272,0.13365354594422305,0.12062000095005083,0.1412570465447185
0.1,33,0.13906297814585136,0.13999467658581774,0.11425975930320448,0.1193512261818309
0.1,34,0.14437083604628387,0.14517546703682507,0.1105658836433257,0.11299083983141193
0.1,35,0.14870735898629825,0.14940815243657282,0.12519367236989581,0.13890670062927293
0.1,36,0.15225023390175793,0.1528661788838756,0.126718830829864,0.13468309326821862
0.1,37,0.15514467487353148,0.15569129253423067,0.13423983475662069,0.14072512723881314
0.1,38,0.1575093140621636,0.15799928562175614,0.12407830506550178,0.11496396449484836
0.1,39,0.15944112056653606,0.15988481257196877,0.12195816397765424,0.12139671427935732
0.1,40,0.16101930038173787,0.16142518082012872,0.11519335621157645,0.11278313806108277
0.1,41,0.1623085715303234,0.16268355979189025,0.10331815408836566,0.11273582681209773
0.1,42,0.16336182932217405,0.16371158106715536,0.09184829404332437,0.10066584975621005
0.1,43,0.1642222597558189,0.16455139248459102,0.11324065566059521,0.12505421326364685
0.1,44,0.16492515186147455,0.16523743882552713,0.11608886015775406,0.12975129622529083
0.1,45,0.16549935032941632,0.16579787584616346,0.12380661494510622,0.13098197798692954
0.1,46,0.16596840510750238,0.1662556872955547,0.11417152018983967,0.12273188737133137
0.1,47,0.16635155881183633,0.16662965524987097,0.11946604800659733,0.10946933506001344
0.1,48,0.16666450690777296,0.16693509577008395,0.12027263800930206,0.12349621869958492
0.1,49,0.16692010079609684,0.16718455628956702,0.10885241805942035,0.11161976058475545
0.1,50,0.1671287957396642,0.16738823563725722,0.1220432415496862,0.12295338565712906
0.1,51,0.16729914830907144,0.1675544874363429,0.11216530513967442,0.10329371935042267
0.1,52,0.16743888695208414,0.16769095536170112,0.1329326949577061,0.1371320883313586
0.2,1,-0.002815478470189117,-0.0017429239512740595,0.00105117880929632,-9.268560156718652e-5
0.2,2,0.0007150409147490751,0.0016150477091219086,-0.0013152766353371746,-0.003722888986393038
0.2,3,0.0036317080850644667,0.004389211611994995,-0.0052032074876604,-0.009712280266911351
0.2,4,0.006048512155087568,0.006688108022498604,-0.002469060087256786,0.0009656708145117902
0.2,5,0.008057233900910158,0.008599437237934127,0.003149412806770551,0.008858172135269037
0.2,6,0.009751786894357413,0.010218674863056672,0.0007196810000091569,-0.0016985432484186603
0.2,7,0.01121490737789977,0.011626343102313719,0.0008649493199744635,0.0002646009479329489
0.2,8,0.012517549579362488,0.012890780913909463,0.0022214235508583027,0.003785284879187656
0.2,9,0.013722831888684246,0.01407335074593538,-0.0024123994844817967,-0.007625927758318684
0.2,10,0.014889350001084888,0.0152316559114822,0.0017283236483498108,0.0062492828059905895
0.2,11,0.016074201574475585,0.016422525110215778,0.0035297768797967473,0.005886080682446792
0.2,12,0.017335889477184774,0.01770490286866173,0.009019408909841101,0.014808833039055419
0.2,13,0.018737285060842105,0.019142838586994646,0.015427098913568747,0.02116795826780387
0.2,14,0.02034878548382698,0.020808700042589227,0.017152341946225547,0.019471811377116004
0.2,15,0.022251900194400643,0.022786873679994348,0.01753468448839314,0.01840149627865301
0.2,16,0.024543409253765615,0.02517807221027428,0.02290863482972305,0.026884571751505378
0.2,17,0.027307270881271332,0.028063147365798364,0.029243031805064473,0.036387715255927974
0.2,18,0.030646822414236035,0.03155040266285748,0.038262336594180296,0.04599948419346073
0.2,19,0.0343762364521707,0.03538150125447618,0.04608773739149015,0.05436415512454066
0.2,20,0.038528689452865784,0.03964440861934777,0.04162562282149984,0.04015622432651138
0.2,21,0.043146506198705026,0.044383784769548004,0.04656917930017382,0.04945758684026005
0.2,22,0.04829518298994005,0.04967099334854673,0.05163051227270508,0.05769531935054441
0.2,23,0.05395080386292621,0.05545973489164868,0.05813504759483227,0.06459730045776037
0.2,24,0.06030347811098038,0.06199384121150341,0.06488819664339028,0.07395444440404267
0.2,25,0.06725679935470304,0.06910515990870882,0.06865168831882774,0.07019033842802969
0.2,26,0.07453804231779812,0.0764765680491137,0.07203298249794736,0.07555623429454736
0.2,27,0.08211226704349424,0.08413252803377527,0.08384849511312348,0.09553719961518657
0.2,28,0.09039621405439925,0.0926031611554319,0.09363410455000698,0.10347070667938538
0.2,29,0.09951957523229996,0.10194651944218522,0.10051007048269535,0.1114691548235635
0.2,30,0.1100242961091576,0.11280815953817827,0.10449742379252559,0.11396370432948526
0.2,31,0.11883735676087324,0.12120796584155971,0.11330503034964279,0.1290830827750107
0.2,32,0.12623079302725534,0.12825457640269972,0.12062000095005083,0.1412570465447185
0.2,33,0.13243302126642614,0.1341657713662573,0.11425975930320448,0.1193512261818309
0.2,34,0.1376357849842193,0.13912434396025328,0.1105658836433257,0.11299083983141193
0.2,35,0.14199998056189403,0.14328365792823486,0.12519367236989581,0.13890670062927293
0.2,36,0.14566068686046202,0.14677248629509426,0.126718830829864,0.13468309326821862
0.2,37,0.14873123701147684,0.14969884949654572,0.13423983475662069,0.14072512723881314
0.2,38,0.15130672041950508,0.15215337942336565,0.12407830506550178,0.11496396449484836
0.2,39,0.15346692088115504,0.15421212009693783,0.12195816397765424,0.12139671427935732
0.2,40,0.1552787805235081,0.15593887586456145,0.11519335621157645,0.11278313806108277
0.2,41,0.15679845081368102,0.157387161485873,0.10331815408836566,0.11273582681209773
0.2,42,0.1580730323294104,0.15860186597982925,0.09184829404332437,0.10066584975621005
0.2,43,0.1591420416870959,0.15962065292946345,0.11324065566059521,0.12505421326364685
0.2,44,0.16003862189790682,0.16047510801951048,0.11608886015775406,0.12975129622529083
0.2,45,0.16079057460100568,0.16119172784590743,0.12380661494510622,0.13098197798692954
0.2,46,0.16142121396396833,0.16179273013141407,0.11417152018983967,0.12273188737133137
0.2,47,0.16195010240783908,0.1622967607095775,0.11946604800659733,0.10946933506001344
0.2,48,0.16239363388979694,0.16271943932628,0.12027263800930206,0.12349621869958492
0.2,49,0.16276555189879033,0.1630738618856351,0.10885241805942035,0.11161976058475545
0.2,50,0.16307737707777853,0.16337100591213904,0.1220432415496862,0.12295338565712906
0.2,51,0.16333877157769622,0.163620079515573,0.11216530513967442,0.10329371935042267
0.2,52,0.16355862235136442,0.16382978558688993,0.1329326949577061,0.1371320883313586
0.3,1,-0.0022498039886068434,-0.0005345310066105758,0.00105117880929632,-9.268560156718652e-5
0.3,2,0.0010251695289493871,0.0023971432787260145,-0.0013152766353371746,-0.003722888986393038
0.3,3,0.003703852578500458,0.00480574671608253,-0.0052032074876604,-0.009712280266911351
0.3,4,0.005889493979334438,0.0067715978913006365,-0.002469060087256786,0.0009656708145117902
0.3,5,0.00766240351851818,0.008363096644915474,0.003149412806770551,0.008858172135269037
0.3,6,0.009116326085292878,0.009678080923687582,0.0007196810000091569,-0.0016985432484186603
0.3,7,0.010336522972458255,0.010797182617803078,0.0008649493199744635,0.0002646009479329489
0.3,8,0.011396243025217433,0.011787945763288461,0.0022214235508583027,0.003785284879187656
0.3,9,0.012360600638075337,0.012711697289628981,-0.0024123994844817967,-0.007625927758318684
0.3,10,0.01329013611926556,0.013626863767053054,0.0017283236483498108,0.0062492828059905895
0.3,11,0.01424441859207424,0.014592532603816905,0.0035297768797967473,0.005886080682446792
0.3,12,0.015285701891112226,0.015672097745086166,0.009019408909841101,0.014808833039055419
0.3,13,0.016482914175730543,0.016937374816445132,0.015427098913568747,0.02116795826780387
0.3,14,0.017916160296228195,0.018473314671573798,0.017152341946225547,0.019471811377116004
0.3,15,0.019682071664201713,0.02038371326292542,0.01753468448839314,0.01840149627865301
0.3,16,0.02190026311279531,0.022798142862406025,0.02290863482972305,0.026884571751505378
0.3,17,0.024674902865520824,0.025814246779042302,0.029243031805064473,0.036387715255927974
0.3,18,0.028140929077531105,0.029580268945825564,0.038262336594180296,0.04599948419346073
0.3,19,0.032030096636550105,0.033654936421612304,0.04608773739149015,0.05436415512454066
0.3,20,0.03638336264555301,0.03821175662792446,0.04162562282149984,0.04015622432651138
0.3,21,0.041255236325316386,0.04331109600122283,0.04656917930017382,0.04945758684026005
0.3,22,0.04673420261779202,0.049056079910969656,0.05163051227270508,0.05769531935054441
0.3,23,0.052784549175388724,0.055357739629719856,0.05813504759483227,0.06459730045776037
0.3,24,0.05967569370517284,0.06261649740726788,0.06488819664339028,0.07395444440404267
0.3,25,0.06727733927196106,0.07053063040109585,0.06865168831882774,0.07019033842802969
0.3,26,0.07521396517795181,0.07861918423569567,0.07203298249794736,0.07555623429454736
0.3,27,0.08344727783516165,0.08698835201833036,0.08384849511312348,0.09553719961518657
0.3,28,0.09257977722540402,0.09651578645720153,0.09363410455000698,0.10347070667938538
0.3,29,0.10281864724701159,0.10723942187553101,0.10051007048269535,0.1114691548235635
0.3,30,0.11497353781185088,0.12022778557929112,0.10449742379252559,0.11396370432948526
0.3,31,0.12479174459035933,0.1290547329205608,0.11330503034964279,0.1290830827750107
0.3,32,0.13272178007415733,0.1361839072240496,0.12062000095005083,0.1412570465447185
0.3,33,0.13912633702436428,0.141941519549979,0.11425975930320448,0.1193512261818309
0.3,34,0.14429859095894226,0.1465912133248607,0.1105658836433257,0.11299083983141193
0.3,35,0.14847548358430313,0.15034605317636854,0.12519367236989581,0.13890670062927293
0.3,36,0.15184845044811854,0.15337815971000202,0.126718830829864,0.13468309326821862
0.3,37,0.15457215346837616,0.1558265909263104,0.13423983475662069,0.14072512723881314
0.3,38,0.156771522267884,0.15780366304391197,0.12407830506550178,0.11496396449484836
0.3,39,0.15854747326521393,0.15940010706292365,0.12195816397765424,0.12139671427935732
0.3,40,0.15998149060575786,0.16068916566429042,0.11519335621157645,0.11278313806108277
0.3,41,0.16113939725394213,0.16173002056798255,0.10331815408836566,0.11273582681209773
0.3,42,0.1620743511454577,0.1625704593656222,0.09184829404332437,0.10066584975621005
0.3,43,0.16282926956275615,0.16324905721212843,0.11324065566059521,0.12505421326364685
0.3,44,0.16343880587084683,0.16379696369672034,0.11608886015775406,0.12975129622529083
0.3,45,0.1639309418836238,0.16423933212308092,0.12380661494510622,0.13098197798692954
0.3,46,0.1643282825326493,0.16459648793100762,0.11417152018983967,0.12273188737133137
0.3,47,0.16464905296745447,0.16488479933366706,0.11946604800659733,0.10946933506001344
0.3,48,0.16490798440625926,0.16511751644403871,0.12027263800930206,0.12349621869958492
0.3,49,0.165116953722285,0.16530530599577334,0.10885241805942035,0.11161976058475545
0.3,50,0.16528553622295172,0.16545676752891303,0.1220432415496862,0.12295338565712906
0.3,51,0.16542145521711898,0.16557883920459462,0.11216530513967442,0.10329371935042267
0.3,52,0.1655320254361596,0.16567866877461745,0.1329326949577061,0.1371320883313586
0.4,1,-0.0021452492270213615,0.00012915135067690314,0.00105117880929632,-9.268560156718652e-5
0.4,2,0.0006513767136831313,0.0024919836146300306,-0.0013152766353371746,-0.003722888986393038
0.4,3,0.0029524734819991096,0.004447488020873863,-0.0052032074876604,-0.009712280266911351
0.4,4,0.004844509123704219,0.006056643641427826,-0.002469060087256786,0.0009656708145117902
0.4,5,0.006392745526842988,0.007369619639118599,0.003149412806770551,0.008858172135269037
0.4,6,0.007677414465160074,0.008475261344893929,0.0007196810000091569,-0.0016985432484186603
0.4,7,0.00877242601505879,0.009442233799041837,0.0008649493199744635,0.0002646009479329489
0.4,8,0.009741994414146311,0.010327626659954786,0.0022214235508583027,0.003785284879187656
0.4,9,0.01064418254386099,0.011185010401823578,-0.0024123994844817967,-0.007625927758318684
0.4,10,0.011534171552021522,0.012067429930929132,0.0017283236483498108,0.0062492828059905895
0.4,11,0.012467471707822987,0.013030513041263198,0.0035297768797967473,0.005886080682446792
0.4,12,0.013503283872991632,0.01413589327442917,0.009019408909841101,0.014808833039055419
0.4,13,0.014708197183905985,0.015455109237701416,0.015427098913568747,0.02116795826780387
0.4,14,0.016160432883436708,0.017074200578330537,0.017152341946225547,0.019471811377116004
0.4,15,0.01795490651607768,0.019099310576990984,0.01753468448839314,0.01840149627865301
0.4,16,0.020209391634618833,0.021663583129160613,0.02290863482972305,0.026884571751505378
0.4,17,0.02302611277455115,0.024858993204118805,0.029243031805064473,0.036387715255927974
0.4,18,0.026537374918047505,0.02883804516230009,0.038262336594180296,0.04599948419346073
0.4,19,0.030475658185850844,0.03306637051910345,0.04608773739149015,0.05436415512454066
0.4,20,0.03487964566159882,0.03778682729772047,0.04162562282149984,0.04015622432651138
0.4,21,0.03980126367623564,0.043060227819161086,0.04656917930017382,0.04945758684026005
0.4,22,0.045325652596572875,0.04899394960301403,0.05163051227270508,0.05769531935054441
0.4,23,0.05141498073902846,0.05546813832738404,0.05813504759483227,0.06459730045776037
0.4,24,0.058331923886471286,0.06294609355643203,0.06488819664339028,0.07395444440404267
0.4,25,0.06594449815578504,0.07103256906256568,0.06865168831882774,0.07019033842802969
0.4,26,0.07387969225966308,0.07919344309197641,0.07203298249794736,0.07555623429454736
0.4,27,0.08209673124434386,0.08760937658884696,0.08384849511312348,0.09553719961518657
0.4,28,0.0911833609136553,0.09728777017176556,0.09363410455000698,0.10347070667938538
0.4,29,0.10133820128616952,0.10816802647507368,0.10051007048269535,0.1114691548235635
0.4,30,0.11334748508668893,0.12142892972999883,0.10449742379252559,0.11396370432948526
0.4,31,0.12305716634302023,0.1296182084153353,0.11330503034964279,0.1290830827750107
0.4,32,0.13090712297457155,0.13623875702285684,0.12062000095005083,0.1412570465447185
0.4,33,0.1372532667331585,0.1415908764332405,0.11425975930320448,0.1193512261818309
0.4,34,0.142383508004305,0.1459174651140889,0.1105658836433257,0.11299083983141193
0.4,35,0.14653070205595714,0.14941495117861822,0.12519367236989581,0.13890670062927293
0.4,36,0.1498831496287642,0.15224216510991406,0.126718830829864,0.13468309326821862
0.4,37,0.15259310208726745,0.1545275192088365,0.13423983475662069,0.14072512723881314
0.4,38,0.15478367060147818,0.1563748580515542,0.12407830506550178,0.11496396449484836
0.4,39,0.15655437521619284,0.15786810587489838,0.12195816397765424,0.12139671427935732
0.4,40,0.15798567708728714,0.15907512562992068,0.11519335621157645,0.11278313806108277
0.4,41,0.1591426241082318,0.16005077759902642,0.10331815408836566,0.11273582681209773
0.4,42,0.16007779383167325,0.16083939734281458,0.09184829404332437,0.10066584975621005
0.4,43,0.1608336850043051,0.16147682258025467,0.11324065566059521,0.12505421326364685
0.4,44,0.16144465865170307,0.16199203643224008,0.11608886015775406,0.12975129622529083
0.4,45,0.16193848888295803,0.16240846005163115,0.12380661494510622,0.13098197798692954
0.4,46,0.1623376120700803,0.16274500236008774,0.11417152018983967,0.12273188737133137
0.4,47,0.16266016640760833,0.16301696125014167,0.11946604800659733,0.10946933506001344
0.4,48,0.1629208002685781,0.1632366788968688,0.12027263800930206,0.12349621869958492
0.4,49,0.16313135358855743,0.1634141394013399,0.10885241805942035,0.11161976058475545
0.4,50,0.16330136909696633,0.16355736731555873,0.1220432415496862,0.12295338565712906
0.4,51,0.16343854563682633,0.16367284295006806,0.11216530513967442,0.10329371935042267
0.4,52,0.16355043860408844,0.163768036600916,0.1329326949577061,0.1371320883313586
0.5,1,-0.0026737416297428346,0.00030987948942052916,0.00105117880929632,-9.268560156718652e-5
0.5,2,-0.00023436401095210615,0.0022107819172357034,-0.0013152766353371746,-0.003722888986393038
0.5,3,0.0017711699146593137,0.0037815025227198435,-0.0052032074876604,-0.009712280266911351
0.5,4,0.0034166339437989132,0.005066360305081066,-0.002469060087256786,0.0009656708145117902
0.5,5,0.0047588912691742,0.0061054048711548,0.003149412806770551,0.008858172135269037
0.5,6,0.005872840003431712,0.006991432328274838,0.0007196810000091569,-0.0016985432484186603
0.5,7,0.006827668666537361,0.007787781122243554,0.0008649493199744635,0.0002646009479329489
0.5,8,0.007683158953478715,0.0085447371925818,0.0022214235508583027,0.003785284879187656
0.5,9,0.008493464105454228,0.0093107885477828,-0.0024123994844817967,-0.007625927758318684
0.5,10,0.009310533118206149,0.010135683379939689,0.0017283236483498108,0.0062492828059905895
0.5,11,0.010187442965643775,0.011073660359578142,0.0035297768797967473,0.005886080682446792
0.5,12,0.011181854330813099,0.012187022470250731,0.009019408909841101,0.014808833039055419
0.5,13,0.012359813219495667,0.013550283221810915,0.015427098913568747,0.02116795826780387
0.5,14,0.01380012225985961,0.01525510969470542,0.017152341946225547,0.019471811377116004
0.5,15,0.0155996245659689,0.017416523925448534,0.01753468448839314,0.01840149627865301
0.5,16,0.017879722307166286,0.020180663900003903,0.02290863482972305,0.026884571751505378
0.5,17,0.020745451518006587,0.023636353861611396,0.029243031805064473,0.036387715255927974
0.5,18,0.024334060144833476,0.027953255589731673,0.038262336594180296,0.04599948419346073
0.5,19,0.02835763932813292,0.03241788428880753,0.04608773739149015,0.05436415512454066
0.5,20,0.032854124814940676,0.037394076030299275,0.04162562282149984,0.04015622432651138
0.5,21,0.037875270073870544,0.04294747958333565,0.04656917930017382,0.04945758684026005
0.5,22,0.043507957936371654,0.04920023793619949,0.05163051227270508,0.05769531935054441
0.5,23,0.04970852373338012,0.05597807852516452,0.05813504759483227,0.06459730045776037
0.5,24,0.056751771986375016,0.06387468701085625,0.06488819664339028,0.07395444440404267
0.5,25,0.06449508123953765,0.07232981238902425,0.06865168831882774,0.07019033842802969
0.5,26,0.0725423400358804,0.08069326682091552,0.07203298249794736,0.07555623429454736
0.5,27,0.08084911199399623,0.08927222246433729,0.08384849511312348,0.09553719961518657
0.5,28,0.09003313179866033,0.09934752127798233,0.09363410455000698,0.10347070667938538
0.5,29,0.100303295415156,0.11071955655389734,0.10051007048269535,0.1114691548235635
0.5,30,0.11248847263786191,0.12483847186501837,0.10449742379252559,0.11396370432948526
0.5,31,0.1222586311224897,0.13220870534260515,0.11330503034964279,0.1290830827750107
0.5,32,0.13009228375051776,0.1381179921311677,0.12062000095005083,0.1412570465447185
0.5,33,0.13637319644105497,0.1428559163960142,0.11425975930320448,0.1193512261818309
0.5,34,0.14140910354768216,0.14665464458111174,0.1105658836433257,0.11299083983141193
0.5,35,0.14544676877171667,0.14970034667180201,0.12519367236989581,0.13890670062927293
0.5,36,0.14868405114945515,0.15214228174540953,0.126718830829864,0.13468309326821862
0.5,37,0.15127960680532176,0.15410014851778847,0.13423983475662069,0.14072512723881314
0.5,38,0.15336063608301073,0.155669888927149,0.12407830506550178,0.11496396449484836
0.5,39,0.15502912644437947,0.15692843604511153,0.12195816397765424,0.12139671427935732
0.5,40,0.15636686305840258,0.15793749995445275,0.11519335621157645,0.11278313806108277
0.5,41,0.15743940302140305,0.1587465116786799,0.10331815408836566,0.11273582681209773
0.5,42,0.15829931037070907,0.15939512399799405,0.09184829404332437,0.10066584975621005
0.5,43,0.1589887327937608,0.1599151338395447,0.11324065566059521,0.12505421326364685
0.5,44,0.1595414664639842,0.16033203845868252,0.11608886015775406,0.12975129622529083
0.5,45,0.15998458442134467,0.16066622989096607,0.12380661494510622,0.13098197798692954
0.5,46,0.16033981168699624,0.16093411893975695,0.11417152018983967,0.12273188737133137
0.5,47,0.16062454097286893,0.16114879306334245,0.11946604800659733,0.10946933506001344
0.5,48,0.16085272265780054,0.16132078201309333,0.12027263800930206,0.12349621869958492
0.5,49,0.16103551546737982,0.16145847022434656,0.10885241805942035,0.11161976058475545
0.5,50,0.1611818483278441,0.16156857070949174,0.1220432415496862,0.12295338565712906
0.5,51,0.1612988589869532,0.16165644114295757,0.11216530513967442,0.10329371935042267
0.5,52,0.16139394243951075,0.16172974520565686,0.1329326949577061,0.1371320883313586
0.6,1,-0.0027023973881985814,0.0003297733079982623,0.00105117880929632,-9.268560156718652e-5
0.6,2,-0.0009904740905808055,0.001557556484869474,-0.0013152766353371746,-0.003722888986393038
0.6,3,0.00045591513332583815,0.0026057550215383748,-0.0052032074876604,-0.009712280266911351
0.6,4,0.001671194920650152,0.003474762580488237,-0.002469060087256786,0.0009656708145117902
0.6,5,0.0026820398844714225,0.004179643004869079,0.003149412806770551,0.008858172135269037
0.6,6,0.0035417403140865023,0.00481348432761264,0.0007196810000091569,-0.0016985432484186603
0.6,7,0.004303333793516121,0.005428877422838628,0.0008649493199744635,0.0002646009479329489
0.6,8,0.005014298146795507,0.006064940699911314,0.0022214235508583027,0.003785284879187656
0.6,9,0.005719502239177711,0.006762644951923651,-0.0024123994844817967,-0.007625927758318684
0.6,10,0.006464038985185012,0.007567460697342997,0.0017283236483498108,0.0062492828059905895
0.6,11,0.007296109701777757,0.008532315296985586,0.0035297768797967473,0.005886080682446792
0.6,12,0.008270150767046128,0.009721082672513481,0.009019408909841101,0.014808833039055419
0.6,13,0.009450388512994639,0.011212783189951444,0.015427098913568747,0.02116795826780387
0.6,14,0.010915087369700894,0.013106877063039342,0.017152341946225547,0.019471811377116004
0.6,15,0.012761752618919908,0.015529907035655936,0.01753468448839314,0.01840149627865301
0.6,16,0.015113599970433694,0.018643879088633384,0.02290863482972305,0.026884571751505378
0.6,17,0.01807661560918791,0.02252912905585782,0.029243031805064473,0.036387715255927974
0.6,18,0.021789966533625624,0.02737485037457494,0.038262336594180296,0.04599948419346073
0.6,19,0.025949991823111307,0.03221258434416726,0.04608773739149015,0.05436415512454066
0.6,20,0.03059205073702878,0.03758628512155509,0.04162562282149984,0.04015622432651138
0.6,21,0.035765593057788765,0.0435666297747301,0.04656917930017382,0.04945758684026005
0.6,22,0.04155601889177494,0.05029310248441695,0.05163051227270508,0.05769531935054441
0.6,23,0.047913149646734675,0.05751206677968391,0.05813504759483227,0.06459730045776037
0.6,24,0.055115557470940095,0.06599573801536303,0.06488819664339028,0.07395444440404267
0.6,25,0.06301055574293178,0.07494426604177523,0.06865168831882774,0.07019033842802969
0.6,26,0.07118577036325659,0.0835549872197563,0.07203298249794736,0.07555623429454736
0.6,27,0.079591672829615,0.09232255117440617,0.08384849511312348,0.09553719961518657
0.6,28,0.0888566653010568,0.10289343032965177,0.09363410455000698,0.10347070667938538
0.6,29,0.09918993196344,0.11484838882859928,0.10051007048269535,0.1114691548235635
0.6,30,0.11143232484254138,0.1299773870779789,0.10449742379252559,0.11396370432948526
0.6,31,0.12120089791898472,0.13605356309836222,0.11330503034964279,0.1290830827750107
0.6,32,0.12899550994161055,0.1409018837548655,0.12062000095005083,0.1412570465447185
0.6,33,0.13521503830835505,0.14477048718951982,0.11425975930320448,0.1193512261818309
0.6,34,0.14017775844171598,0.1478573364038039,0.1105658836433257,0.11299083983141193
0.6,35,0.14413763605506524,0.15032040659178492,0.12519367236989581,0.13890670062927293
0.6,36,0.14729731575475785,0.15228574031049028,0.126718830829864,0.13468309326821862
0.6,37,0.14981849847742285,0.15385392656642494,0.13423983475662069,0.14072512723881314
0.6,38,0.15183020498126892,0.1551052083939596,0.12407830506550178,0.11496396449484836
0.6,39,0.15343538831495734,0.15610363098311397,0.12195816397765424,0.12139671427935732
0.6,40,0.15471619385880903,0.1569002828394847,0.11519335621157645,0.11278313806108277
0.6,41,0.15573816600541307,0.1575359302964329,0.10331815408836566,0.11273582681209773
0.6,42,0.15655361141958324,0.15804312194407508,0.09184829404332437,0.10066584975621005
0.6,43,0.15720424924302545,0.15844777422105497,0.11324065566059521,0.12505421326364685
0.6,44,0.15772337823506521,0.15877061804153228,0.11608886015775406,0.12975129622529083
0.6,45,0.1581375547018199,0.1590281460603366,0.12380661494510622,0.13098197798692954
0.6,46,0.1584679702186501,0.15923354268407902,0.11417152018983967,0.12273188737133137
0.6,47,0.15873152656250156,0.1593973068323366,0.11946604800659733,0.10946933506001344
0.6,48,0.1589416843792079,0.15952776281760497,0.12027263800930206,0.12349621869958492
0.6,49,0.15910917597890356,0.15963157066623584,0.10885241805942035,0.11161976058475545
0.6,50,0.15924254260003207,0.15971400110215633,0.1220432415496862,0.12295338565712906
0.6,51,0.15934855392745675,0.15977917923752177,0.11216530513967442,0.10329371935042267
0.6,52,0.1594347605087084,0.1598358410824283,0.1329326949577061,0.1371320883313586
0.7,1,-0.003436855273317066,-0.002572239238253189,0.00105117880929632,-9.268560156718652e-5
0.7,2,-0.0029931331629169423,-0.0019660193031072397,-0.0013152766353371746,-0.003722888986393038
0.7,3,-0.0025150794726033427,-0.0014161660619192399,-0.0052032074876604,-0.009712280266911351
0.7,4,-0.0020368564400006584,-0.0009421171707061102,-0.002469060087256786,0.0009656708145117902
0.7,5,-0.001583591113909547,-0.0005494230566109561,0.003149412806770551,0.008858172135269037
0.7,6,-0.001140245306974135,-0.0001301925658483,0.0007196810000091569,-0.0016985432484186603
0.7,7,-0.000682414073103602,0.0003613470398235383,0.0008649493199744635,0.0002646009479329489
0.7,8,-0.0001840182912212039,0.0009549198849860633,0.0022214235508583027,0.003785284879187656
0.7,9,0.0003840621522613308,0.0016866210806206693,-0.0024123994844817967,-0.007625927758318684
0.7,10,0.0010555987327541053,0.00260104553185229,0.0017283236483498108,0.0062492828059905895
0.7,11,0.001871001044843345,0.003754126436700207,0.0035297768797967473,0.005886080682446792
0.7,12,0.0028796924525127895,0.005216405960457771,0.009019408909841101,0.014808833039055419
0.7,13,0.004143083421691703,0.007077399903459844,0.015427098913568747,0.02116795826780387
0.7,14,0.005738315630041889,0.009451143346670217,0.017152341946225547,0.019471811377116004
0.7,15,0.007762947578276751,0.012483081237788313,0.01753468448839314,0.01840149627865301
0.7,16,0.010340923850798068,0.016359045849782004,0.02290863482972305,0.026884571751505378
0.7,17,0.013577605671401882,0.02114130985345593,0.029243031805064473,0.036387715255927974
0.7,18,0.017610890554657435,0.02704404833458172,0.038262336594180296,0.04599948419346073
0.7,19,0.02212335004284277,0.032686563318483616,0.04608773739149015,0.05436415512454066
0.7,20,0.027144808781155084,0.0389090134781194,0.04162562282149984,0.04015622432651138
0.7,21,0.032718961886835735,0.04578757403439094,0.04656917930017382,0.04945758684026005
0.7,22,0.03892523199267568,0.05348524491457153,0.05163051227270508,0.05769531935054441
0.7,23,0.04570441276363337,0.06161920187039885,0.05813504759483227,0.06459730045776037
0.7,24,0.053328844916189305,0.07123613082644185,0.06488819664339028,0.07395444440404267
0.7,25,0.06163354029451597,0.08115019311552238,0.06865168831882774,0.07019033842802969
0.7,26,0.07019372302527585,0.09032933080679456,0.07203298249794736,0.07555623429454736
0.7,27,0.07895096811726984,0.09956980014171334,0.08384849511312348,0.09553719961518657
0.7,28,0.08852223897964664,0.11106616911406131,0.09363410455000698,0.10347070667938538
0.7,29,0.09910331817910412,0.12403207048993577,0.10051007048269535,0.1114691548235635
0.7,30,0.11150944705744234,0.1407305327482966,0.10449742379252559,0.11396370432948526
0.7,31,0.1214292500450159,0.14487620223133657,0.11330503034964279,0.1290830827750107
0.7,32,0.1293610202771874,0.1481911843485025,0.12062000095005083,0.1412570465447185
0.7,33,0.13570318649304317,0.15084191551208123,0.11425975930320448,0.1193512261818309
0.7,34,0.14077431808280302,0.15296146115860915,0.1105658836433257,0.11299083983141193
0.7,35,0.14482914659477664,0.15465627548820687,0.12519367236989581,0.13890670062927293
0.7,36,0.1480713452359695,0.15601144424753172,0.126718830829864,0.13468309326821862
0.7,37,0.15066377335077233,0.1570950376637807,0.13423983475662069,0.14072512723881314
0.7,38,0.15273665037013598,0.15796147271603841,0.12407830506550178,0.11496396449484836
0.7,39,0.15439409480720942,0.15865425341328052,0.12195816397765424,0.12139671427935732
0.7,40,0.1557193600290553,0.15920817900730763,0.11519335621157645,0.11278313806108277
0.7,41,0.15677901398188582,0.1596510704800206,0.10331815408836566,0.11273582681209773
0.7,42,0.15762628096049738,0.1600051659224989,0.09184829404332437,0.10066584975621005
0.7,43,0.15830371892090112,0.1602882546179613,0.11324065566059521,0.12505421326364685
0.7,44,0.15884534951043056,0.16051453585942518,0.11608886015775406,0.12975129622529083
0.7,45,0.1592783721202397,0.16069536710077303,0.12380661494510622,0.13098197798692954
0.7,46,0.15962452176045797,0.160839794467187,0.11417152018983967,0.12273188737133137
0.7,47,0.15990117515848132,0.1609550744469085,0.11946604800659733,0.10946933506001344
0.7,48,0.1601222025289492,0.16104693462202402,0.12027263800930206,0.12349621869958492
0.7,49,0.16029867772455977,0.16111995534359116,0.10885241805942035,0.11161976058475545
0.7,50,0.16043941665812084,0.1611777089753938,0.1220432415496862,0.12295338565712906
0.7,51,0.16055142240142542,0.16122298849081448,0.11216530513967442,0.10329371935042267
0.7,52,0.16064314606109137,0.16126764731615295,0.1329326949577061,0.1371320883313586
0.8,1,-0.006359424955170641,-0.018477569168587938,0.00105117880929632,-9.268560156718652e-5
0.8,2,-0.008735545689153692,-0.018286417820832603,-0.0013152766353371746,-0.003722888986393038
0.8,3,-0.010565160654230348,-0.017937153027568393,-0.0052032074876604,-0.009712280266911351
0.8,4,-0.011936727364864242,-0.017485083820757148,-0.002469060087256786,0.0009656708145117902
0.8,5,-0.012923623820634451,-0.01694042609755992,0.003149412806770551,0.008858172135269037
0.8,6,-0.013556925067068593,-0.016164471692408134,0.0007196810000091569,-0.0016985432484186603
0.8,7,-0.013850831759150403,-0.01510390191733749,0.0008649493199744635,0.0002646009479329489
0.8,8,-0.013809895814225568,-0.013724761063279953,0.0022214235508583027,0.003785284879187656
0.8,9,-0.01342896364203594,-0.01198314333518167,-0.0024123994844817967,-0.007625927758318684
0.8,10,-0.012692910183041806,-0.009824055047583909,0.0017283236483498108,0.0062492828059905895
0.8,11,-0.011576073058639237,-0.007179639594760891,0.0035297768797967473,0.005886080682446792
0.8,12,-0.010041387949304714,-0.003967114671529614,0.009019408909841101,0.014808833039055419
0.8,13,-0.008039190591599544,-8.623822487138324e-5,0.015427098913568747,0.02116795826780387
0.8,14,-0.005505616049779888,0.004583907214310025,0.017152341946225547,0.019471811377116004
0.8,15,-0.0023605937500492283,0.010188542792779195,0.01753468448839314,0.01840149627865301
0.8,16,0.0014946877713704091,0.016901858948654938,0.02290863482972305,0.026884571751505378
0.8,17,0.006140244867013293,0.02472902749995242,0.029243031805064473,0.036387715255927974
0.8,18,0.011674840741083096,0.033844221557971774,0.038262336594180296,0.04599948419346073
0.8,19,0.017840303875722052,0.042560382783029614,0.04608773739149015,0.05436415512454066
0.8,20,0.024644273396406673,0.051948424905867485,0.04162562282149984,0.04015622432651138
0.8,21,0.032103340137917845,0.062060824872733546,0.04656917930017382,0.04945758684026005
0.8,22,0.04025829941988917,0.07303539099042178,0.05163051227270508,0.05769531935054441
0.8,23,0.04904237363221852,0.08437478337423522,0.05813504759483227,0.06459730045776037
0.8,24,0.05863119050973481,0.09722506650416268,0.06488819664339028,0.07395444440404267
0.8,25,0.06886862307495949,0.11010245359448854,0.06865168831882774,0.07019033842802969
0.8,26,0.07940554406688198,0.12188431406395421,0.07203298249794736,0.07555623429454736
0.8,27,0.09016350730017718,0.13357462241480936,0.08384849511312348,0.09553719961518657
0.8,28,0.10155060648557647,0.1475295296108735,0.09363410455000698,0.10347070667938538
0.8,29,0.11365644207786595,0.1625651616232609,0.10051007048269535,0.1114691548235635
0.8,30,0.12698701397447276,0.18085555831995206,0.10449742379252559,0.11396370432948526
0.8,31,0.1383784934827099,0.18454306172233653,0.11330503034964279,0.1290830827750107
0.8,32,0.14811284356921006,0.18769395213119247,0.12062000095005083,0.1412570465447185
0.8,33,0.1564310566940075,0.19038633592251547,0.11425975930320448,0.1193512261818309
0.8,34,0.163539092002959,0.1926869058924878,0.1105658836433257,0.11299083983141193
0.8,35,0.1696129693539106,0.19465267893125243,0.12519367236989581,0.13890670062927293
0.8,36,0.17480311767330473,0.19633237530176126,0.126718830829864,0.13468309326821862
0.8,37,0.1792380911352731,0.19776761804667822,0.13423983475662069,0.14072512723881314
0.8,38,0.1830277474833924,0.1989939705480928,0.12407830506550178,0.11496396449484836
0.8,39,0.18626597046838064,0.20004184503951827,0.12195816397765424,0.12139671427935732
0.8,40,0.18903298236272967,0.2009371839223763,0.11519335621157645,0.11278313806108277
0.8,41,0.19139733409527765,0.20170216803307378,0.10331815408836566,0.11273582681209773
0.8,42,0.1934176003908149,0.20235573845297705,0.09184829404332437,0.10066584975621005
0.8,43,0.19514383553801481,0.20291410081891706,0.11324065566059521,0.12505421326364685
0.8,44,0.19661880532573042,0.20339106703725834,0.11608886015775406,0.12975129622529083
0.8,45,0.1978790482775756,0.20379843826751856,0.12380661494510622,0.13098197798692954
0.8,46,0.1989557776731983,0.2041462739885368,0.11417152018983967,0.12273188737133137
0.8,47,0.19987565265654617,0.2044431429033463,0.11946604800659733,0.10946933506001344
0.8,48,0.20066144134616726,0.20469635699719796,0.12027263800930206,0.12349621869958492
0.8,49,0.20133257741128072,0.204912104495545,0.10885241805942035,0.11161976058475545
0.8,50,0.20190563976442455,0.2050956242280967,0.1220432415496862,0.12295338565712906
0.8,51,0.20239476480291071,0.20525134994729557,0.11216530513967442,0.10329371935042267
0.8,52,0.20281581300798626,0.20540211418254084,0.1329326949577061,0.1371320883313586
