alpha1,alpha3,delta,E_s,s_lr,model_surv,flat_surv,diff_surv
-0.005,0.0,0.0,0.04616179364661284,0.13219843765759473,1477.1432598860767,1520.9301420978861,43.7868822118094
-0.005,0.0,0.1,0.04601301563483347,0.13040871380805283,1477.0675988184853,1516.028231996019,38.96063317753381
-0.005,0.0,0.2,0.046536881587964915,0.130438454981588,1498.3211651769825,1533.288469426046,34.9673042490638
-0.005,0.0,0.3,0.04722036683203763,0.13045177584456866,1526.4239538842148,1555.8078133958097,29.383859511595205
-0.005,0.0,0.4,0.04811974696032354,0.1304757685985078,1563.359230356987,1585.440421625587,22.08119126859995
-0.005,0.0,0.5,0.04931272767529312,0.13029426379261244,1613.998207721933,1624.746527064839,10.748319342905885
-0.005,0.0,0.6,0.050970362995941376,0.13022405298385498,1686.675575887582,1679.3619855342479,-7.313590353334227
-0.005,0.0,0.7,0.053689591722181816,0.13015355592823263,1804.570656960504,1768.954624950697,-35.61603200980713
-0.005,0.0,0.8,0.05852869182020133,0.1302550135542024,2029.5969675759777,1928.3923897838827,-101.20457779209508
-0.005,0.0,0.9,0.06811682274796516,0.128796225827033,2533.558378369537,2244.3003340473747,-289.25804432216233
-0.005,0.01,0.0,0.04418092263978264,0.1322368678829374,1411.374227983058,1455.6647747042407,44.29054672118245
-0.005,0.01,0.1,0.044028249853955904,0.13040872789305918,1411.2657957624247,1450.6345403156126,39.368744553188094
-0.005,0.01,0.2,0.04452891658875665,0.13043847040817566,1431.840082335222,1467.1304142396987,35.29033190447689
-0.005,0.01,0.3,0.04518581427589983,0.13045177048766726,1459.190076365961,1488.7737563571843,29.5836799912233
-0.005,0.01,0.4,0.04605210072417066,0.1304757559624825,1495.216406095623,1517.3160002082896,22.09959411266681
-0.005,0.01,0.5,0.04720661212616934,0.13029424947413776,1544.8586308440476,1555.3546259198004,10.495995075752653
-0.005,0.01,0.6,0.04880473059367944,0.1302240559954355,1616.0086660774346,1608.0091342451663,-7.999531832268263
-0.005,0.01,0.7,0.05143828750257736,0.1301535906580808,1731.9500342648673,1694.779074649483,-37.17095961538401
-0.005,0.01,0.8,0.05612920349028218,0.13025503830437443,1954.113836340428,1849.3344971351655,-104.7793392052622
-0.005,0.01,0.9,0.06552067841873517,0.12879631306655362,2457.8017411951014,2158.7630563196035,-299.0386848754976
-0.005,0.02,0.0,0.04210476180399744,0.13227708855985204,1342.4235985395055,1387.2598158509886,44.83621731148327
-0.005,0.02,0.1,0.04194788193683255,0.1304087165405256,1342.2767607547748,1382.0909673334031,39.81420657862838
-0.005,0.02,0.2,0.04242251708018868,0.13043845896191114,1362.0807884238768,1397.72915725201,35.64836882813314
-0.005,0.02,0.3,0.043049357720158145,0.130451772030217,1388.567601198581,1418.3821854016528,29.814584203071657
-0.005,0.02,0.4,0.04387794422839158,0.13047576080813733,1423.5432873274592,1445.682298680512,22.139011353052773
-0.005,0.02,0.5,0.04498800631779783,0.13029429538330625,1472.0054790351546,1482.2564167553635,10.250937720208867
-0.005,0.02,0.6,0.04651732696755194,0.13022405793226496,1541.3468725627683,1532.6441874505435,-8.702685112224492
-0.005,0.02,0.7,0.049050232113328034,0.1301535922734524,1654.8913663551255,1616.0978723913229,-38.79349396380246
-0.005,0.02,0.8,0.05356242581434876,0.13025507255329163,1873.3404883935045,1764.7647864069183,-108.57570198658611
-0.005,0.02,0.9,0.06267792505102716,0.12879646144806764,2374.829697246737,2065.1005501224545,-309.72914712428235
-0.005,0.03,0.0,0.03992641990848402,0.13231923835188455,1270.0557893210278,1315.4882145556808,45.43242523465294
-0.005,0.03,0.1,0.03976483722249691,0.1304087022233174,1269.8631979489226,1310.1644184432441,40.30122049432149
-0.005,0.03,0.2,0.040210225481229316,0.13043847153914087,1288.7945413096122,1324.838987478156,36.044446168543715
-0.005,0.03,0.3,0.04080308194128312,0.1304517619859186,1314.2941099271243,1344.3723112249784,30.078201297854246
-0.005,0.03,0.4,0.04158885649706434,0.13047573752166103,1348.058392942531,1370.2618643027959,22.20347136026476
-0.005,0.03,0.5,0.04264764626355511,0.13029427881496686,1395.130892124794,1405.1466714731678,10.015779348373826
-0.005,0.03,0.6,0.044097664298973716,0.13022404488380795,1462.3412614554643,1452.9215944654752,-9.419666989989016
-0.005,0.03,0.7,0.046512484968852845,0.13015355150585803,1572.9751027494208,1532.4846541831444,-40.490448566276214
-0.005,0.03,0.8,0.05081026016019707,0.13025506320712937,1786.7002560921778,1674.086947250792,-112.61330884138575
-0.005,0.03,0.9,0.05955162377922683,0.12879659194693763,2283.559522366224,1962.0957606214079,-321.46376174481645
-0.005,0.04,0.0,0.03763801070834889,0.13236346947670502,1194.0098874860748,1240.0901362967559,46.080248810680985
-0.005,0.04,0.1,0.037471352433381074,0.13040869138532996,1193.7639930861267,1234.5991106280171,40.8351175418903
-0.005,0.04,0.2,0.03788388045879268,0.13043846050109384,1211.706493023555,1248.1910068422721,36.484513818717275
-0.005,0.04,0.3,0.038438255652771765,0.13045175747925652,1236.0785570622797,1266.4564570327248,30.37789997044494
-0.005,0.04,0.4,0.039175449970412925,0.13047573987624897,1268.4498823033819,1290.7453975116653,22.29551520828336
-0.005,0.04,0.5,0.040175268879410496,0.13029429391133893,1313.8930370565492,1323.6872439003707,9.794206843821499
-0.005,0.04,0.6,0.04153388266918315,0.13022406038704565,1378.6016518018534,1368.4505969051056,-10.151054896747832
-0.005,0.04,0.7,0.043810648478295744,0.13015356585358367,1485.7270971838402,1443.4650508946181,-42.262046289222
-0.005,0.04,0.8,0.04785186429166232,0.13025507351575913,1693.529333872723,1576.6142735683534,-116.91506030436946
-0.005,0.04,0.9,0.056097165983586626,0.1287967302957547,2182.6825333573206,1848.278931357459,-334.4036019998615
-0.005,0.05,0.0,0.035230962686586195,0.1324099122667949,1113.9986747896833,1160.7831683352847,46.78449354560138
-0.005,0.05,0.1,0.0350587811024965,0.1304086970463409,1113.6901441957207,1155.1101617107815,41.42001751506093
-0.005,0.05,0.2,0.03543440343214068,0.13043843734105126,1130.5135213101303,1167.4860959644277,36.97257465429738
-0.005,0.05,0.3,0.03594532843096483,0.130451758457363,1153.5986124517858,1184.3199572526578,30.721344800871968
-0.005,0.05,0.4,0.03662736166827495,0.1304757446842259,1184.3696362957335,1206.7914607752182,22.421824479484684
-0.005,0.05,0.5,0.037559348573801755,0.1302942743683974,1227.9090977380536,1237.498391002143,9.589293264089532
-0.005,0.05,0.6,0.03881277940501774,0.13022406857632857,1289.6891468017172,1278.7961955637534,-10.89295123796374
-0.005,0.05,0.7,0.04092816946087544,0.1301535587107604,1392.6094648557767,1348.4936714217822,-44.11579343399462
-0.005,0.05,0.8,0.04466311304868575,0.1302550548864081,1593.061446621622,1471.5518940988109,-121.50955252281103
-0.005,0.05,0.9,0.052260162726265456,0.12879879916925369,2070.598196874653,1721.8580657805476,-348.74013109410544
-0.004,0.0,0.0,0.0326959012098983,0.1324587979889768,1029.7036715494419,1077.2584370069837,47.55476545754197
-0.004,0.0,0.1,0.03251768572910558,0.13040872027435124,1029.3218378368515,1071.386626682603,42.06478884575167
-0.004,0.0,0.2,0.03285177116946312,0.13043845099987725,1044.8786496962173,1082.3940112778746,37.515361581657345
-0.004,0.0,0.3,0.03331360742835183,0.13045177099986419,1066.4959285964392,1097.6105059451934,31.114577348754256
-0.004,0.0,0.4,0.03393298616914342,0.13047574325045116,1095.4303124740106,1118.0176808365375,22.587368362526757
-0.004,0.0,0.5,0.0347870347569542,0.13029428946040422,1136.7508851479333,1146.156713950405,9.405828802471568
-0.004,0.0,0.6,0.0359193379292595,0.13022405682813387,1195.1093275208937,1183.463627064223,-11.645700456670959
-0.004,0.0,0.7,0.03784630470032894,0.1301535956156939,1293.008901820869,1246.9529677812861,-46.055934039582795
-0.004,0.0,0.8,0.04121610702249679,0.1302550860648307,1484.4049789263174,1357.9805843408212,-126.42439458549606
-0.004,0.0,0.9,0.04797339320301728,0.12879921945562928,1945.3345806966554,1580.6183854066217,-364.71619529003357
-0.004,0.01,0.0,0.04616184124693122,0.13219891654703297,1475.6292650768005,1520.9317104242718,45.302445347471334
-0.004,0.01,0.1,0.046022591881434684,0.1304259992967106,1475.8617892026646,1516.3437483777143,40.48195917504986
-0.004,0.01,0.2,0.04654128533263559,0.1304541801839853,1496.8568120181608,1533.4335631816966,36.57675116353585
-0.004,0.01,0.3,0.047221716428005274,0.13046377519390995,1524.731053682238,1555.8522796312973,31.121225949059546
-0.004,0.01,0.4,0.04811716818894047,0.13048040930914556,1561.3214917067514,1585.3554567484398,24.033965041688187
-0.004,0.01,0.5,0.04931823251398115,0.13030156596615636,1611.802062224348,1624.927899460203,13.125837235854755
-0.004,0.01,0.6,0.05095948594110425,0.13020891121575123,1683.3022425458564,1679.0036103661228,-4.298632179733663
-0.004,0.01,0.7,0.053673388326667286,0.1301147031650039,1799.618720599212,1768.4207585062723,-31.19796209293986
-0.004,0.01,0.8,0.05840966337550938,0.13007003839953454,2017.2656230677005,1924.4706628534934,-92.79496021420691
-0.004,0.01,0.9,0.06746064280664836,0.1280098908284968,2479.726205801328,2222.680640085115,-257.04556571621265
-0.004,0.02,0.0,0.044181141945323354,0.132237564563065,1409.991719533383,1455.6720003421733,45.680280808790286
-0.004,0.02,0.1,0.04403821915711138,0.13042678282989248,1410.202016356097,1450.9630070511332,40.76099069503643
-0.004,0.02,0.2,0.04453362684780529,0.13045500863450862,1430.5230337198852,1467.2856069737375,36.76257325385231
-0.004,0.02,0.3,0.04518746317605735,0.13046455034826798,1457.6574399160907,1488.8280840111333,31.170644095042643
-0.004,0.02,0.4,0.04604978625881501,0.13048099241194852,1493.358404188032,1517.2397436366932,23.881339448661315
-0.004,0.02,0.5,0.04721266913301588,0.13030218794938517,1542.8813855925396,1555.5541910483637,12.672805455824166
-0.004,0.02,0.6,0.04879413571572508,0.13020890099004123,1612.898198890305,1607.660056188191,-5.23814270211398
-0.004,0.02,0.7,0.051422992707032815,0.1301139280030113,1727.3750798524277,1694.2751445869078,-33.09993526551998
-0.004,0.02,0.8,0.056010590196525066,0.1300643657484513,1942.3258928482896,1845.4264485201193,-96.89944432817049
-0.004,0.02,0.9,0.064860838676444,0.12797555820602516,2404.1480776281924,2137.0227799194386,-267.12529770875426
-0.004,0.03,0.0,0.042105158555158985,0.13227805326950037,1341.1872040277337,1387.2728879340439,46.08568390631022
-0.004,0.03,0.1,0.04195826219454996,0.1304276459678183,1341.369790221116,1382.4329741229576,41.06318390184153
-0.004,0.03,0.2,0.04242755871568432,0.1304559093331251,1360.9272939322984,1397.8952681152382,36.96797418293965
-0.004,0.03,0.3,0.04305129242577629,0.13046538363576943,1387.2135744516434,1418.4459297204555,31.232355268812125
-0.004,0.03,0.4,0.04387593859517811,0.13048163276687327,1421.88635958475,1445.6162174525664,23.729857867816527
-0.004,0.03,0.5,0.044994624800158034,0.13030287616827965,1470.2738860009904,1482.4744812741217,12.200595273131302
-0.004,0.03,0.6,0.04650715801395455,0.13020893520623888,1538.5343263406414,1532.3091426696094,-6.225183671031863
-0.004,0.03,0.7,0.04903602882770817,0.13011313931546714,1650.7491367458986,1615.6299051935696,-35.119231552328884
-0.004,0.03,0.8,0.053444639719138945,0.13005824001082333,1862.2027558968234,1760.8839921748736,-101.31876372195019
-0.004,0.03,0.9,0.062016658465714386,0.1279382938141452,2321.623496517548,2043.3132623653173,-278.31023415223063
-0.004,0.04,0.0,0.03992693333499321,0.13232044388749578,1268.9813682112285,1315.5051308362645,46.52376262503576
-0.004,0.04,0.1,0.039775687282469684,0.13042850838640166,1269.1299823754978,1310.5219041896275,41.39192181412972
-0.004,0.04,0.2,0.04021561738524114,0.1304568747909223,1287.8226391193339,1325.0166389229346,37.19399980360068
-0.004,0.04,0.3,0.0408053143670857,0.13046628984886705,1313.1385084038798,1344.4458647727267,31.30735636884709
-0.004,0.04,0.4,0.0415871808301168,0.13048232629677414,1346.6266745981472,1370.2066547416566,23.579980143509207
-0.004,0.04,0.5,0.04265498025622416,0.13030361512400693,1393.6752457813845,1405.3883104917393,11.713064710354738
-0.004,0.04,0.6,0.04408791461441589,0.13020893447156526,1459.8664444601254,1452.600363682429,-7.26608077769668
-0.004,0.04,0.7,0.04649954204700563,0.13011238644943302,1569.3299954610027,1532.0582132152101,-37.27178224579237
-0.004,0.04,0.8,0.050693707465489485,0.130051643091159,1776.3380757206103,1670.2467908677768,-106.09128485283377
-0.004,0.04,0.9,0.058891864893027585,0.12789717680353188,2231.1494451789094,1940.3581482526351,-290.79129692627447
-0.004,0.05,0.0,0.03763866462222708,0.13236498107710123,1193.1152867122935,1240.1116813288938,46.99639461660045
-0.004,0.05,0.1,0.03748267454523169,0.13042947378097358,1193.2232713777473,1234.9721494513697,41.74887807362254
-0.004,0.05,0.2,0.03788964437031605,0.13045788470209682,1210.9365599637717,1248.380915120954,37.44435515718218
-0.004,0.05,0.3,0.0384409227386586,0.13046727960012258,1235.144793907365,1266.5443316796222,31.399537772257162
-0.004,0.05,0.4,0.03917415609570571,0.13048312953467106,1267.2701005979065,1290.7027671698427,23.432666571936064
-0.004,0.05,0.5,0.04018336531284864,0.13030444290279608,1312.7473027355409,1323.9540036747815,11.2067009392404
-0.004,0.05,0.6,0.041524658644453115,0.13020906184207004,1376.5104470955423,1368.1466854637358,-8.36376163180631
-0.004,0.05,0.7,0.043799107130213726,0.13011153319492297,1482.6529898172262,1443.0847887169232,-39.56820110030281
-0.004,0.05,0.8,0.04773697482396468,0.13004463729417146,1684.0921675083632,1572.8289168777403,-111.26325063062313
-0.004,0.05,0.9,0.055442901832816416,0.12785190078231978,2131.5193836605404,1826.722358503763,-304.79702515677775
-0.003,0.0,0.0,0.03523185445962599,0.1324117495433799,1113.3035877300047,1160.8125503065858,47.508962576581105
-0.003,0.0,0.1,0.03507064160461209,0.13043052851849815,1113.3625921726905,1155.5009393158746,42.13834714318401
-0.003,0.0,0.2,0.03544056704871851,0.13045901220360376,1129.9680107845622,1167.6891736504751,37.72116286591282
-0.003,0.0,0.3,0.03594840817419648,0.13046834990292416,1152.9122116206136,1184.4214280565607,31.50921643594721
-0.003,0.0,0.4,0.03662642975423398,0.1304839804706399,1183.4724982100715,1206.7607562457192,23.288258035647452
-0.003,0.0,0.5,0.03756829138288759,0.13030535848249603,1227.1120811469577,1237.793037003072,10.680955856114087
-0.003,0.0,0.6,0.0388041378884932,0.1302091597012195,1288.0337334880035,1278.5114764937746,-9.52225699422906
-0.003,0.0,0.7,0.040918297599079646,0.13011068528118944,1390.1920553444127,1348.1684151659533,-42.02364017845941
-0.003,0.0,0.8,0.04455053083925097,0.13003708079887386,1584.7264307180749,1467.842556521849,-116.88387419622597
-0.003,0.0,0.9,0.05161660477333085,0.1278017734499747,2021.2713066947904,1700.6542387304507,-320.6170679643398
-0.003,0.01,0.0,0.03269701556028329,0.13246101432211946,1029.2304720447512,1077.2951524150194,48.0646803702683
-0.003,0.01,0.1,0.0325300730245937,0.1304316457730802,1029.2312910182488,1071.7947609771932,42.56346995894413
-0.003,0.01,0.2,0.03285840385646645,0.13046025506025782,1044.5835344689883,1082.6125438085576,38.029009339569264
-0.003,0.01,0.3,0.03331709556637958,0.1304695379228278,1066.0862564084389,1097.725432464445,31.63917605600607
-0.003,0.01,0.4,0.033932519946936836,0.13048492476149595,1094.8503113583413,1118.0023198344861,23.15200847614466
-0.003,0.01,0.5,0.03479689288203986,0.13030634981857134,1136.347113901374,1146.481517611678,10.134403710303989
-0.003,0.01,0.6,0.035911380794517715,0.13020928937332418,1193.9498763469717,1183.201456877203,-10.748419469768578
-0.003,0.01,0.7,0.03783837140378355,0.13010976242178532,1291.3481557658936,1246.6915830107014,-44.656572755192265
-0.003,0.01,0.8,0.04110654372344513,0.1300289786316671,1477.3845454539567,1354.370713258449,-123.01383219550736
-0.003,0.01,0.9,0.04734765391529372,0.12774612139810032,1898.6152325354183,1560.0016444047596,-338.6135881306587
-0.003,0.02,0.0,0.04616374279683571,0.13220585584646877,1474.3040122564962,1520.9943623348233,46.69035007832705
-0.003,0.02,0.1,0.04603253484543896,0.13044532663507427,1474.7823929769181,1516.6713472958081,41.88895431889019
-0.003,0.02,0.2,0.0465456710317354,0.13047001085328888,1495.4969169296123,1533.5780623752535,38.0811454456412
-0.003,0.02,0.3,0.04722279127275802,0.13047521577926033,1523.1293279134238,1555.8876934151522,32.75836550172844
-0.003,0.02,0.4,0.0481141313120764,0.13048420751421885,1559.368239829608,1585.2553982975971,25.887158467989103
-0.003,0.02,0.5,0.049323330260598576,0.1303078607518448,1609.7031093677067,1625.0958590621754,15.392749694468538
-0.003,0.02,0.6,0.05094797238155316,0.1301923377401364,1680.037583916266,1678.6242637597463,-1.4133201565196711
-0.003,0.02,0.7,0.05365748192344014,0.13007530178122143,1794.8459275474086,1767.8966773081775,-26.94925023923139
-0.003,0.02,0.8,0.058288889379211895,0.12988331778875406,2005.18038471945,1920.4914238153247,-84.68896090412528
-0.003,0.02,0.9,0.06681399067715171,0.12723291554809307,2428.15326972822,2201.374866684445,-226.77840304377528
-0.003,0.03,0.0,0.044183259354966524,0.13224509845798046,1408.7909828914949,1455.7417643590159,46.95078146752105
-0.003,0.03,0.1,0.04404854240851826,0.1304470004480118,1409.2564857134266,1451.3031356074323,42.046649894005704
-0.003,0.03,0.2,0.04453831279322279,0.13047172167933246,1429.3024022110726,1467.439998626806,38.1375964157332
-0.003,0.03,0.3,0.045188803843844126,0.130476732082124,1456.207174934617,1488.8722560825884,32.66508114797155
-0.003,0.03,0.4,0.04604694772144501,0.13048531661824864,1491.5759456823826,1517.1462200384,25.570274356017315
-0.003,0.03,0.5,0.04721827151064555,0.13030903384754447,1540.9920395536735,1555.7387771385318,14.746737584858252
-0.003,0.03,0.6,0.04878293247624918,0.1301922030362109,1609.8848822048715,1607.2909339496039,-2.593948255267677
-0.003,0.03,0.7,0.05140809618051722,0.13007371880787205,1722.965615891562,1693.7843366177985,-29.181279273763632
-0.003,0.03,0.8,0.05589022696318489,0.1298715276662143,1930.7515812815593,1841.4607432230318,-89.29083805852753
-0.003,0.03,0.9,0.06421111191879253,0.12716486262702206,2352.7327799636932,2115.6157042454593,-237.11707571823396
-0.003,0.04,0.0,0.04210754554538288,0.13228617953816252,1340.1240182631295,1387.351534041433,47.22751577830355
-0.003,0.04,0.1,0.041969059546233874,0.13044877996395624,1340.571974966467,1382.7887232464996,42.21674828003243
-0.003,0.04,0.2,0.04243256629390014,0.13047353541435933,1359.8606562268449,1398.060256865581,38.199600638736406
-0.003,0.04,0.3,0.043052916189044534,0.13047837468602433,1385.931680796821,1418.4994291688786,32.56774837205772
-0.003,0.04,0.4,0.04387338972163567,0.1304865653195838,1420.2943947909562,1445.532237643879,25.237842852922835
-0.003,0.04,0.5,0.045000896815985424,0.1303103333151526,1468.6189059740498,1482.6811304783669,14.06222450431709
-0.003,0.04,0.6,0.04649629959796045,0.13019211809007616,1535.8052942289128,1531.9513816105987,-3.853912618314163
-0.003,0.04,0.7,0.04902219566110786,0.1300720687708375,1646.7552875600925,1615.1741326080387,-31.581154952053758
-0.003,0.04,0.8,0.053325002440120124,0.1298590859027222,1851.2377390701963,1756.9422054849697,-94.29553358522635
-0.003,0.04,0.9,0.061366070014464806,0.12709073815782865,2270.6005754229036,2021.877795771855,-248.7227796510488
-0.003,0.05,0.0,0.03992960692141063,0.13232926374197004,1268.0698786267692,1315.5932196614274,47.5233410346584
-0.003,0.05,0.1,0.03978695113892884,0.13045072899609106,1268.4946182877138,1310.89302362524,42.398405337526306
-0.003,0.05,0.2,0.040220990204994596,0.13047549107155257,1286.9263555853604,1325.1936615831382,38.26730599777781
-0.003,0.05,0.3,0.040807291000906055,0.1304801422854854,1312.0436865118572,1344.5109905340933,32.46730402223599
-0.003,0.05,0.4,0.04158494655208588,0.1304878839724629,1345.2472230127146,1370.1330401670352,24.885817154320634
-0.003,0.05,0.5,0.04266193226421982,0.13031174066624768,1392.2826651965056,1405.6173639507463,13.334698754240712
-0.003,0.05,0.6,0.044077474707821536,0.1301920706715984,1457.4591312754699,1452.2563915928345,-5.202739682635355
-0.003,0.05,0.7,0.046487008223512906,0.13007037571014307,1565.811137323377,1531.6452511433345,-34.1658861800427
-0.003,0.05,0.8,0.050575140310079994,0.1298458401955143,1766.0975933923955,1666.340262410377,-99.75733098201877
-0.003,0.05,0.9,0.05824349041706888,0.1270095539785277,2180.8184817656193,1918.9956273029134,-261.8228544627056
-0.002,0.0,0.0,0.03764165229326137,0.13237457272802797,1192.3712669674633,1240.2101185552617,47.83885158779861
-0.002,0.0,0.1,0.0374944530517419,0.13045279885277247,1192.7672065955612,1235.360225480595,42.59301888503416
-0.002,0.0,0.2,0.037895431770492496,0.1304775817488244,1210.229075308742,1248.5715972993828,38.342521990640826
-0.002,0.0,0.3,0.03844322286533682,0.13048205970384225,1234.2577999869363,1266.6201158231572,32.36231583622084
-0.002,0.0,0.4,0.039172239490752325,0.1304893709583391,1266.1279249265629,1290.6396192283564,24.511694301793543
-0.002,0.0,0.5,0.04019100616298944,0.13031327924577285,1311.648836722202,1324.205752975932,12.556916253729918
-0.002,0.0,0.6,0.04151469070630112,0.13019208919307676,1374.4669099264336,1367.8182637020948,-6.648646224338772
-0.002,0.0,0.7,0.04378806379040057,0.13006863108435657,1479.6785483066044,1442.7209348225133,-36.957613484091105
-0.002,0.0,0.8,0.04762006647120373,0.1298317082094169,1674.7120266533802,1568.9770423397104,-105.73498431366991
-0.002,0.0,0.9,0.05480070777017069,0.1269201968771396,2082.265747253046,1805.563468655776,-276.70227859727
-0.002,0.01,0.0,0.035235173634197516,0.1324221502580723,1112.7447989437203,1160.9219098494877,48.17711090576753
-0.002,0.01,0.1,0.03508297241733744,0.13045497369105025,1113.104739815055,1155.9072126269623,42.80247281190746
-0.002,0.01,0.2,0.0354467602570821,0.1304798099560552,1129.4698027088318,1167.8932263211445,38.42342361231277
-0.002,0.01,0.3,0.035951086418655506,0.13048414881671508,1152.2566041609505,1184.5096703540078,32.25306619305737
-0.002,0.01,0.4,0.03662488897563441,0.13049098823782995,1182.5955579396082,1206.7099909606363,24.114433021028276
-0.002,0.01,0.5,0.03757674178914032,0.13031496220381894,1226.3436075002282,1238.0714594075637,11.727851907335404
-0.002,0.01,0.6,0.03879469488604072,0.1301921467533017,1286.4027510108906,1278.2003502153675,-8.202400795523046
-0.002,0.01,0.7,0.04090897334290952,0.1300667870602487,1387.8414787683575,1347.8612013178442,-39.9802774505134
-0.002,0.01,0.8,0.04443586428962984,0.1298164402950259,1576.368239822677,1464.0645444943216,-112.30369532835549
-0.002,0.01,0.9,0.05098588164635468,0.1268217161174933,1973.591360964243,1679.8732911251648,-293.71806983907817
-0.002,0.02,0.0,0.03270071081484395,0.1324723065948661,1028.8765168587595,1077.4169029710542,48.54038611229463
-0.002,0.02,0.1,0.03254302756872056,0.13045744277866306,1029.1921891939724,1072.2215848738228,43.02939567985058
-0.002,0.02,0.2,0.03286506336361937,0.13048227844860052,1044.3175170077166,1082.831960004513,38.51444299679622
-0.002,0.02,0.3,0.03332019973549422,0.1304864088362967,1065.688269886176,1097.8277080477721,32.13943816159625
-0.002,0.02,0.4,0.03393138745939361,0.13049275948076847,1094.2700433588975,1117.9650068467538,23.694963487856246
-0.002,0.02,0.5,0.034806229550027296,0.130316828923087,1135.9489509353941,1146.789140402022,10.840189466627805
-0.002,0.02,0.6,0.035902589969355414,0.13019227424664362,1192.7866241553397,1182.9118184141569,-9.874805741182698
-0.002,0.02,0.7,0.03783103770396448,0.130064979347778,1289.7138569386282,1246.4499536408962,-43.263903297732114
-0.002,0.02,0.8,0.04099485004150601,0.12980001686499018,1470.2405084965606,1350.6906507192075,-119.54985777735305
-0.002,0.02,0.9,0.04673553448963413,0.1267120752893261,1853.1530479006178,1539.8336480704654,-313.31939983015224
-0.002,0.03,0.0,0.04616663670629357,0.13221653261391053,1473.1120684534012,1521.0897103223103,47.977641868908975
-0.002,0.03,0.1,0.04604253813198501,0.13046559781286107,1473.7957738191883,1517.0009337097244,43.20515989053608
-0.002,0.03,0.2,0.04654993684435801,0.1304856756822166,1494.2188314381208,1533.7186115715847,39.4997801334639
-0.002,0.03,0.3,0.047223555111898206,0.13048585720029138,1521.6007512610995,1555.91286024426,34.31210898316081
-0.002,0.03,0.4,0.048110658788041015,0.13048704053546706,1557.4864515378715,1585.1409862252451,27.65453468737378
-0.002,0.03,0.5,0.04932804794984623,0.13031309353408332,1607.6858585881746,1625.2512966050217,17.565438016846986
-0.002,0.03,0.6,0.0509358223291839,0.1301740813525828,1676.8644119463704,1678.223946107059,1.3595341606887763
-0.002,0.03,0.7,0.05364186200197933,0.13003523901045239,1790.2275514490861,1767.3820350577307,-22.845516391355623
-0.002,0.03,0.8,0.05816684886137848,0.1296951920023095,1993.3149824384043,1916.4704556625054,-76.84452677589873
-0.002,0.03,0.9,0.06617748840293224,0.12646642396535152,2378.6963903976143,2180.403508816827,-198.29288158078762
-0.002,0.04,0.0,0.044186446353441405,0.1322565233761042,1407.7171526078414,1455.8467689886102,48.12961638076876
-0.002,0.04,0.1,0.04405897551425199,0.1304681967586537,1408.3968585634898,1451.6468836235424,43.25002506005252
-0.002,0.04,0.2,0.04454289890847739,0.13048815911805525,1428.1565078367307,1467.5911010943416,39.434593257610814
-0.002,0.04,0.3,0.0451898176179243,0.1304880782651644,1454.8231213458946,1488.905657721347,34.0825363754523
-0.002,0.04,0.4,0.046043731604559546,0.13048866198430709,1489.8571135714562,1517.0402560208609,27.183142449404546
-0.002,0.04,0.5,0.047223546659211246,0.13031476862069902,1539.1758888326026,1555.9125817467113,16.736692914108804
-0.002,0.04,0.6,0.04877105364641965,0.1301739388452997,1606.952915972085,1606.8995524864206,-0.053363485664453925
-0.002,0.04,0.7,0.05139341792435149,0.13003277997343976,1718.6972624749983,1693.3007201793478,-25.39654229565059
-0.002,0.04,0.8,0.05576850899299962,0.12967745671699774,1919.3681474541802,1837.4504023097873,-81.91774514439292
-0.002,0.04,0.9,0.06357219815772623,0.12636581552197684,2303.4290550854407,2094.564893160302,-208.86416192513894
-0.002,0.05,0.0,0.04211103483297493,0.13229841601877187,1339.179728909739,1387.4664984363135,48.28676952657447
-0.002,0.05,0.1,0.04197991256905869,0.13047097422469844,1339.8515017380814,1383.1463066123777,43.294804874296254
-0.002,0.05,0.2,0.04243746282098474,0.13049086495672108,1358.8608536097092,1398.2215867240263,39.36073311431702
-0.002,0.05,0.3,0.04305424271998677,0.13049046900489628,1384.7074067029798,1418.5431354622242,33.83572875924449
-0.002,0.05,0.4,0.04387037594374253,0.13049050824599304,1418.7566770868243,1445.43294025361,26.676263166785674
-0.002,0.05,0.5,0.0450067624385774,0.13031662591328488,1467.0271714718585,1482.874389914311,15.847218442452487
-0.002,0.05,0.6,0.04648471834281672,0.13017365620203805,1533.1454766720303,1531.5698045824986,-1.5756720895313445
-0.002,0.05,0.7,0.049008709523508553,0.13003023283517728,1642.8863018509273,1614.7297938691179,-28.156507981809224
-0.002,0.05,0.8,0.053203957090936,0.12965862015768861,1840.4267996419642,1752.9540259626513,-87.47277367931281
-0.002,0.05,0.9,0.060727032371027535,0.12625647381284735,2221.658770171514,2000.8229030335121,-220.83586713800153
-0.001,0.0,0.0,0.03993342421163127,0.13234238026995787,1267.2680415170184,1315.7189910255595,48.45094950854104
-0.001,0.0,0.1,0.03979827855474409,0.13047393856852346,1267.9271844925856,1311.2662372026273,43.33905271004166
-0.001,0.0,0.2,0.04022625371787531,0.1304937685995721,1286.0874608348365,1325.3670828209458,39.27962198610911
-0.001,0.0,0.3,0.040808888468337676,0.13049312493520052,1310.9962420648576,1344.5636235922098,33.56738152735214
-0.001,0.0,0.4,0.0415821623714407,0.13049242413352188,1343.9112054651966,1370.041307503943,26.13010203874646
-0.001,0.0,0.5,0.04266840289119847,0.13031862406179423,1390.941618601805,1405.830556958051,14.888938356245811
-0.001,0.0,0.6,0.04406626530231444,0.130173427512502,1455.1064580474642,1451.887066197005,-3.2193918504591688
-0.001,0.0,0.7,0.04647481420087125,0.13002757751004856,1562.3980320700712,1531.2434847663365,-31.154547303734628
-0.001,0.0,0.8,0.050455208935742554,0.1296384925431802,1755.9658665933653,1662.3887859229285,-93.57708067043697
-0.001,0.0,0.9,0.05760735202676377,0.1261366466572011,2132.5043989867445,1898.036258614438,-234.46814037230672
-0.001,0.01,0.0,0.037645823028342365,0.1323885908574134,1191.726192213524,1240.3475351545376,48.621342941013665
-0.001,0.01,0.1,0.03750630356206945,0.13047715880620875,1192.36785330637,1235.7506738781244,43.38282057175443
-0.001,0.01,0.2,0.037901048577878994,0.13049687718834782,1209.567836043373,1248.7566588184802,39.188822775107056
-0.001,0.01,0.3,0.03844517384263375,0.13049592587859632,1233.4065247855158,1266.6843962581888,33.27787147267292
-0.001,0.01,0.4,0.03916975326270106,0.13049455880341798,1265.0165851772229,1290.5577034515943,25.541118274371374
-0.001,0.01,0.5,0.0401981965323671,0.13032080966970078,1310.5879081091366,1324.442659921165,13.854751812028695
-0.001,0.01,0.6,0.04150392617875942,0.1301732444918224,1372.4611360642039,1367.4635960622506,-4.997540001953431
-0.001,0.01,0.7,0.04377739222317131,0.1300248140031644,1476.7858381106241,1442.3693300216546,-34.41650808896948
-0.001,0.01,0.8,0.047501749075519496,0.12961689685367575,1665.3850660024436,1565.0787429190195,-100.30632308342389
-0.001,0.01,0.9,0.05417148692451175,0.1260048545452886,2034.9173025143352,1784.8320179343152,-250.08528458002021
-0.001,0.02,0.0,0.0352397696373898,0.1324372543149724,1112.2722460152415,1161.073338102944,48.80109208770233
-0.001,0.02,0.1,0.03509538610546514,0.13048064922019412,1112.8903434559265,1156.3162165013039,43.42587304537728
-0.001,0.02,0.2,0.03545283221910183,0.1305002902069899,1129.0051741868842,1168.0932841899566,39.088110003072316
-0.001,0.02,0.3,0.035953409271334245,0.13049896315755907,1151.6230768864361,1184.5862032695568,32.96312638312047
-0.001,0.02,0.4,0.03662277592717573,0.13049688212486057,1181.7348354139824,1206.6403706352842,24.905535221301783
-0.001,0.02,0.5,0.03758467961019422,0.1303232037232346,1225.5961770737083,1238.3329932508077,12.73681617709945
-0.001,0.02,0.6,0.03878446000787121,0.13017313327200486,1284.788771086953,1277.8631333639628,-6.925637722990137
-0.001,0.02,0.7,0.040900031707852696,0.13002197214138592,1385.5437964642542,1347.566593998604,-37.977202465650066
-0.001,0.02,0.8,0.04431976234919694,0.1295937904488194,1567.9940252975766,1460.2392394788305,-107.7547858187462
-0.001,0.02,0.9,0.050368972785586476,0.12585947217322296,1927.6397699711706,1659.5474933788184,-268.0922765923523
-0.001,0.03,0.0,0.0327057379218775,0.13248855718662142,1028.5943203470515,1077.5825351532308,48.98821480617932
-0.001,0.03,0.1,0.03255600700492065,0.13048444196395284,1029.1818051491207,1072.6492289098255,43.46742376070485
-0.001,0.03,0.2,0.03287159009977321,0.13050394640062038,1044.070423835038,1083.0470016864256,38.976577851387724
-0.001,0.03,0.3,0.03332293065309612,0.13050227927019373,1065.2966058597415,1097.917685810077,32.62107995033553
-0.001,0.03,0.4,0.03392966746942976,0.13049940570591395,1093.6889333642553,1117.9083369391642,24.21940357490875
-0.001,0.03,0.5,0.03481507714415191,0.13032582757012434,1135.5525606165475,1147.0806492782192,11.528088661671672
-0.001,0.03,0.6,0.03589294488294397,0.1301731041217743,1191.6163390649683,1182.594033911271,-9.022305153697205
-0.001,0.03,0.7,0.03782415185530228,0.13001902964496576,1288.0972992409402,1246.2230799872327,-41.87421925370757
-0.001,0.03,0.8,0.040881732222536736,0.1295692208689902,1462.9946801729438,1346.9636659794937,-116.03101419345005
-0.001,0.03,0.9,0.04613802178567604,0.12569826572392137,1809.1526129165961,1520.146911270477,-289.00570164611946
-0.001,0.04,0.0,0.04617014335411783,0.1322294267247051,1472.020026090369,1521.2052466988746,49.18522060850547
-0.001,0.04,0.1,0.04605238489554799,0.13048618851089175,1472.8803892734768,1517.325363033674,44.44497376019711
-0.001,0.04,0.2,0.04655402005189373,0.13050091377713663,1493.006994703694,1533.8531443296713,40.846149625977255
-0.001,0.04,0.3,0.04722401380425343,0.1304958435770944,1520.1330694308422,1555.9279731541774,35.79490372333532
-0.001,0.04,0.4,0.048106804868197295,0.1304891983377314,1555.6657433553523,1585.0140079951439,29.348264639791314
-0.001,0.04,0.5,0.04933235125992408,0.13031720591610566,1605.7377999078055,1625.3930812604945,19.655281352688625
-0.001,0.04,0.6,0.050923026227854086,0.13015448531918566,1673.7691729960404,1677.8023425540675,4.033169558027206
-0.001,0.04,0.7,0.05362642701734934,0.12999441270115608,1785.7429361836291,1766.8734860713919,-18.8694501122372
-0.001,0.04,0.8,0.05804383713710128,0.1295061730966711,1981.6488581872693,1912.4174883814483,-69.23136980582123
-0.001,0.04,0.9,0.06555171351757655,0.12571008157008182,2331.230310089642,2159.7855949508403,-171.44471513880197
-0.001,0.05,0.0,0.044190211481200066,0.13227023259689794,1406.736921163465,1455.9708217137022,49.23390055023724
-0.001,0.05,0.1,0.044069247796603046,0.13048972046274693,1407.601806438835,1451.9853328609242,44.3835264220893
-0.001,0.05,0.2,0.044547285472475696,0.13050419746112227,1427.070820676725,1467.7356287844116,40.66480810768689
-0.001,0.05,0.3,0.04519051315855016,0.13049869250829116,1453.4931031396532,1488.9285742637803,35.435471124127076
-0.001,0.05,0.4,0.0460400420801054,0.1304912607084511,1488.1922932675893,1516.9186942593035,28.726400991713984
-0.001,0.05,0.5,0.04722837654815864,0.13031931331573954,1537.4214464392717,1556.0717160242762,18.65026958500446
-0.001,0.05,0.6,0.04875848141520462,0.13015387056574562,1604.0900191111962,1606.4853249640946,2.3953058528983937
-0.001,0.05,0.7,0.05137902383761993,0.12999076176963745,1714.5510283709361,1692.8264665022573,-21.724561868678844
-0.001,0.05,0.8,0.05564581788341099,0.12948237938913784,1908.1581042000544,1833.4079985815154,-74.7501056185391
-0.001,0.05,0.9,0.06294459392359245,0.12557847972621092,2256.122017823921,2073.8867062529707,-182.2353115709502
0.0,0.0,0.0,0.04211514820684799,0.13231300784093392,1338.322018185963,1387.6020251092402,49.28000692327702
0.0,0.0,0.1,0.041990614939302735,0.13049349671405425,1339.1883288949928,1383.4989263052057,44.31059741021286
0.0,0.0,0.2,0.042442162594380314,0.13050775013260446,1357.9137576727683,1398.3764339787297,40.46267630596125
0.0,0.0,0.3,0.043055179979653586,0.1305017686247151,1383.5294526733492,1418.5740161184037,35.04456344505459
0.0,0.0,0.4,0.04386692798530855,0.130493487193755,1417.2651938636882,1445.3193375640983,28.05414370041007
0.0,0.0,0.5,0.04501214947518624,0.1303216035118397,1465.488279873294,1483.051880988806,17.563601115511865
0.0,0.0,0.6,0.04647243723598762,0.13015349311302565,1530.543550835408,1531.1651689719822,0.6216181365742136
0.0,0.0,0.7,0.048995424015393224,0.1299875328355753,1639.1245456564493,1614.2920654329048,-24.83248022354441
0.0,0.0,0.8,0.053081957342064744,0.12945711360608694,1829.757123342919,1748.9344010579705,-80.82272228494836
0.0,0.0,0.9,0.060100015248919746,0.12543664422731837,2174.701210319334,1980.1640601833883,-194.53715013594567
0.0,0.01,0.0,0.03993787851409415,0.13235798525380807,1266.5446895393159,1315.8657505498898,49.32106101057385
0.0,0.01,0.1,0.039809479382396463,0.13049755319215314,1267.4085498753248,1311.635279976905,44.22673010157997
0.0,0.01,0.2,0.040231300636312375,0.13051157651151118,1285.2932181672898,1325.5333677455396,40.2401495782497
0.0,0.01,0.3,0.04081014083825043,0.13050510648728214,1309.9866970586443,1344.6048864418283,34.618189383184124
0.0,0.01,0.4,0.04157897441086432,0.1304959238244265,1342.6121184790447,1369.9362711752094,27.324152696164514
0.0,0.01,0.5,0.042674376855231,0.13032411082973921,1389.6429305195295,1406.0273860075117,16.384455487982237
0.0,0.01,0.6,0.044054350802002436,0.1301529715517068,1452.7985943552128,1451.494509469437,-1.3040848857758711
0.0,0.01,0.7,0.046462881090864286,0.12998386844500756,1559.0742915506178,1530.8503148900202,-28.223976660597412
0.0,0.01,0.8,0.05033427965211962,0.1294301063592772,1745.9357983592843,1658.4044305070088,-87.53136785227538
0.0,0.01,0.9,0.05698400827896958,0.12528007785685516,2086.1364395142436,1877.4984454140624,-208.63799410018157
0.0,0.02,0.0,0.037650686385856724,0.1324052456089457,1191.15028563769,1240.5077721481866,49.35748651049668
0.0,0.02,0.1,0.03751798006090302,0.13050191927483518,1192.0078448322904,1236.1353889775007,44.12754414521035
0.0,0.02,0.2,0.03790649513771264,0.13051566881249213,1208.9420505144099,1248.9361110530515,39.99406053864142
0.0,0.02,0.3,0.038446712728730674,0.1305087234710372,1232.5833126710183,1266.7350991894484,34.15178651843017
0.0,0.02,0.4,0.039166878177566054,0.1304986016456471,1263.931640091495,1290.4629756843756,26.53133559288071
0.0,0.02,0.5,0.04020485480717398,0.13032701546453695,1309.5569022123339,1324.6620355140128,15.105133301679087
0.0,0.02,0.6,0.04149243734424936,0.13015250623955182,1370.4847680303903,1367.0850640919007,-3.3997039384898278
0.0,0.02,0.7,0.043766990834711215,0.12998004982417977,1473.9611271960216,1442.0266270203433,-31.934500175678433
0.0,0.02,0.8,0.047382433332134745,0.12940119607163106,1656.1105901165492,1561.147550125041,-94.9630399915082
0.0,0.02,0.9,0.05355590122993532,0.12510792826292824,1989.4410667742873,1764.549815620146,-224.89125115414106
0.0,0.03,0.0,0.035245006433967656,0.13245502565301476,1111.8582309369997,1161.2458790970024,49.387648160002826
0.0,0.03,0.1,0.03510761363571885,0.13050662680118777,1112.7045187323256,1156.7190868808354,44.014568148509625
0.0,0.03,0.2,0.03545868871298169,0.1305200812473682,1128.565231013316,1168.2862428548012,39.7210118414853
0.0,0.03,0.3,0.03595531124648538,0.13051262996030438,1151.0061008532753,1184.648869191055,33.64276833777992
0.0,0.03,0.4,0.036620240788015186,0.13050166721950165,1180.8877507818513,1206.5568433444425,25.669092562591214
0.0,0.03,0.5,0.0375921556234805,0.13032987587965772,1224.864492624059,1238.5793115381105,13.714818914051586
0.0,0.03,0.6,0.038773425578305126,0.13015210723070514,1283.1864420170264,1277.4995730427065,-5.686868974319977
0.0,0.03,0.7,0.040891452580736516,0.12997609505454485,1383.2879442770277,1347.2839305231814,-36.00401375384636
0.0,0.03,0.8,0.04420265154706698,0.12937024475991932,1559.6121912439519,1456.3806946768614,-103.23149656709032
0.0,0.03,0.9,0.04976645401785092,0.12491856878478795,1883.4390165919451,1639.6958177259173,-243.7431988660279
0.0,0.04,0.0,0.032711455528766864,0.1325075610730731,1028.358393814144,1077.770917795493,49.412523981349125
0.0,0.04,0.1,0.032568842593127985,0.13051171153671806,1029.1871213850372,1073.0721334690706,43.88501208403354
0.0,0.04,0.2,0.032877911915401334,0.13052488666650996,1043.83568503811,1083.2552916851898,39.41960664708
0.0,0.04,0.3,0.033325244113022075,0.1305169109970689,1064.9082014137805,1097.9939092549644,33.08570784118381
0.0,0.04,0.4,0.03392744097371622,0.13050488888235148,1093.1070586655833,1117.8349787748803,24.727920109296903
0.0,0.04,0.5,0.03482330533827711,0.13033330969539547,1135.1554229283668,1147.3517502790999,12.196327350733018
0.0,0.04,0.6,0.03588249938205288,0.13015177073399248,1190.4363684691466,1182.2498775018346,-8.18649096731192
0.0,0.04,0.7,0.037817629458408185,0.1299719557236899,1286.4917858790952,1246.0081812744374,-40.48360460465776
0.0,0.04,0.8,0.04076769715156306,0.12933695553441735,1455.6677103233153,1343.206459792319,-112.46125053099604
0.0,0.04,0.9,0.04555564287872461,0.12470870562352325,1766.7160458301023,1500.9587999833532,-265.7572458467492
0.0,0.05,0.0,0.04617392566737114,0.1322436664052214,1471.0054943523235,1521.3298656484294,50.324371296105554
0.0,0.05,0.1,0.046062030822856356,0.13050673872194316,1472.0208234594777,1517.6431752422736,45.62235178279566
0.0,0.05,0.2,0.04655790145937046,0.13051560659657668,1491.8497545906876,1533.9810282171634,42.131273626475675
0.0,0.05,0.3,0.04722415613046789,0.13050499784440894,1518.7163765001826,1555.9326624916682,37.21628599148563
0.0,0.05,0.4,0.04810258699739326,0.13049060342498386,1553.8978895716348,1584.875038376883,30.9771488052483
0.0,0.05,0.5,0.0493362470759114,0.13032043393316328,1603.8492687938203,1625.5214398768985,21.672171083077952
0.0,0.05,0.6,0.05090955739426729,0.1301334631040753,1670.7410623429387,1677.3585739445143,6.617511601575531
0.0,0.05,0.7,0.053611129883637774,0.12995253799892037,1781.3754426284672,1766.3694789713272,-15.005963657140159
0.0,0.05,0.8,0.05792014463910993,0.12931599699683302,1970.1676786024739,1908.3420910954019,-61.82558750707206
0.0,0.05,0.9,0.06493692535290467,0.12497007407309912,2285.6400165513182,2139.529669502781,-146.11034704853768
0.001,0.0,0.0,0.04419433038261414,0.13228534622909544,1405.8287055730927,1456.1065305070163,50.277824933923476
0.001,0.0,0.1,0.0440793051748365,0.13051119992204957,1406.8569486859265,1452.3167014776382,45.45975279171158
0.001,0.0,0.2,0.04455147025853989,0.13051966295753295,1426.0343865572256,1467.8735083328534,41.83912177562779
0.001,0.0,0.3,0.045190887924163134,0.1305084695296333,1452.2083768335708,1488.9409219710935,36.73254513752275
0.001,0.0,0.4,0.0460360127192353,0.13049305392827032,1486.5745896913518,1516.7859356310828,30.211345939731505
0.001,0.0,0.5,0.04723274777028948,0.130322913785717,1535.7192924551096,1556.2157382333683,20.496445778258703
0.001,0.0,0.6,0.04874526925111925,0.13013247736024153,1601.2854719797979,1606.0500130532614,4.76454107346374
0.001,0.0,0.7,0.051364731094389035,0.12994816270002357,1710.5103420799023,1692.3555518718697,-18.15479020803274
0.001,0.0,0.8,0.05552250433773261,0.12928615352936365,1897.1092733540208,1829.345086945391,-67.76418640862997
0.001,0.0,0.9,0.06232869287821668,0.12480846257636984,2210.7045113573763,2053.5941138196526,-157.110397537723
0.001,0.01,0.0,0.04211959206072528,0.1323290623458828,1337.5303271193595,1387.7484403755273,50.21811325616799
0.001,0.01,0.1,0.042001119598361135,0.13051595645375177,1338.5688290226362,1383.8450318468729,45.27620282423663
0.001,0.01,0.2,0.04244665857824419,0.13052401276271106,1357.0098808797811,1398.524566814063,41.51468593428194
0.001,0.01,0.3,0.04305577697777336,0.1305121780134083,1382.390380424226,1418.5936859007802,36.20330547655439
0.001,0.01,0.4,0.04386310424902245,0.13049570286244186,1415.8137952720026,1445.1933538162075,29.379558544204638
0.001,0.01,0.5,0.04501706377783213,0.13032563321830287,1463.9934494034035,1483.2137965131194,19.22034710971593
0.001,0.01,0.6,0.04645946487174737,0.1301315049005904,1527.9903606919438,1530.7377579415902,2.747397249646209
0.001,0.01,0.7,0.04898231866923973,0.1299436064596711,1635.4551579632625,1613.8602729393099,-21.594885023952585
0.001,0.01,0.8,0.05295927339768803,0.12925502213738896,1819.2198249901219,1744.8922334077604,-74.32759158236168
0.001,0.01,0.9,0.0594853936572427,0.12463148555886526,2129.633243225517,1959.9136229512042,-169.7196202743129
0.001,0.02,0.0,0.039942692397153715,0.13237501126191778,1265.8801677434499,1316.0243574684569,50.1441897250072
0.001,0.02,0.1,0.03982042577280087,0.13052104532371187,1266.9263755276504,1311.99593960033,45.06956407267946
0.001,0.02,0.2,0.040236145044631196,0.13052869693094998,1284.535217470609,1325.6929804046385,41.15776293402962
0.001,0.02,0.3,0.04081099893710495,0.13051621727336382,1309.0083263222925,1344.6331589223719,35.62483260007953
0.001,0.02,0.4,0.04157537338149379,0.1304985979317996,1341.345017857176,1369.8176251331129,28.472607275936895
0.001,0.02,0.5,0.042679921258443596,0.1303285647164197,1388.378877136451,1406.210061967431,17.831184830980362
0.001,0.02,0.6,0.04404169380667392,0.1301305812209953,1450.5280217788925,1451.077489154956,0.5494673760636365
0.001,0.02,0.7,0.04645112428560184,0.1299391479177685,1555.8264129437916,1530.4629538694476,-25.363459074344025
0.001,0.02,0.8,0.05021275297258488,0.12922118293118692,1736.0027607930251,1654.4003922023358,-81.60236859068947
0.001,0.02,0.9,0.0563737930123845,0.12443967564263625,2041.6370559574582,1857.393186956765,-184.2438690006929
0.001,0.03,0.0,0.03765587659189276,0.13242336580337347,1190.6253015711775,1240.6787780857885,50.05347651461107
0.001,0.03,0.1,0.03752944505318876,0.13052654584393653,1191.6758640796481,1236.5131353987035,44.837271319055404
0.001,0.03,0.2,0.037911712293731685,0.1305337538209077,1208.3444491849707,1249.108004933652,40.76355574868136
0.001,0.03,0.3,0.03844789162124873,0.13052057235108575,1231.7822569129419,1266.7739411196108,34.99168420666891
0.001,0.03,0.4,0.0391635661414701,0.130501818985754,1262.8690302791692,1290.3538513386327,27.484821059463307
0.001,0.03,0.5,0.04021107225464894,0.1303317862325866,1308.5500012770813,1324.8668868103898,16.316885533308543
0.001,0.03,0.6,0.04148012930928089,0.13012969717672535,1368.5320643651537,1366.6795412580864,-1.8525231070672405
0.001,0.03,0.7,0.04375681826392074,0.12993391988800826,1471.19267634247,1441.691463060807,-29.50121328166288
0.001,0.03,0.8,0.04726250132828419,0.12918492756430727,1646.8901985842272,1557.1960528965124,-89.69414568771494
0.001,0.03,0.9,0.052954163004321674,0.12422978356313949,1945.7857733159526,1744.7238571230707,-201.06191619288197
0.001,0.04,0.0,0.03525062404949907,0.1324743052698157,1111.4861403657549,1161.4309672427069,49.94482687695194
0.001,0.04,0.1,0.03511956968083981,0.1305324431258421,1112.537279764363,1157.1130124189972,44.57573265463455
0.001,0.04,0.2,0.03546434239207079,0.13053916883486427,1128.1440377101428,1168.4725192158583,40.32848150571576
0.001,0.04,0.3,0.03595682398548297,0.1305253157529555,1150.4014406553742,1184.6987106325766,34.297269977202255
0.001,0.04,0.4,0.0366172289342537,0.1305053345787292,1180.052582708778,1206.4576093501032,26.40502664132534
0.001,0.04,0.5,0.03759905110738028,0.13033531694003386,1224.1439689158963,1238.8065026517793,14.662533735882974
0.001,0.04,0.6,0.03876162445200283,0.1301290484363821,1281.591196591898,1277.110751740803,-4.480444851095235
0.001,0.04,0.7,0.04088306757139979,0.12992905913554226,1381.0652440899592,1347.0076628040447,-34.05758128591429
0.001,0.04,0.8,0.04408507083536379,0.12914610574213417,1551.2318106976497,1452.5066673821734,-98.7251433154762
0.001,0.04,0.9,0.04917853690754944,0.12400062486232212,1840.974196097766,1620.3252347507862,-220.6489613469798
0.001,0.05,0.0,0.03271750456121334,0.13252810351200764,1028.1540666087571,1077.9702201850143,49.81615357625719
0.001,0.05,0.1,0.03258138147159484,0.1305388514640502,1029.2008121235954,1073.4852620912889,44.284449967693405
0.001,0.05,0.2,0.032883974211440806,0.1305450715377613,1043.6090816815965,1083.455031081092,39.84594939949548
0.001,0.05,0.3,0.03332711367849298,0.1305304711759793,1064.5208000309106,1098.0555073483815,33.53470731747083
0.001,0.05,0.4,0.03392481439040135,0.13050919387283222,1092.52486256627,1117.7484385991472,25.223576032877315
0.001,0.05,0.5,0.03483105972012469,0.1303391768100221,1134.7549195143422,1147.6072402016885,12.852320687346465
0.001,0.05,0.6,0.035871230378855916,0.1301282986817472,1189.2448686335383,1181.8785884924673,-7.3662801410710665
0.001,0.05,0.7,0.0378113543963449,0.12992367187991402,1284.8910965442522,1245.8014317033828,-39.08966484086933
0.001,0.05,0.8,0.04065318027273441,0.1291043583889073,1448.2778227282872,1339.4333790900648,-108.84444363822242
0.001,0.05,0.9,0.044988601442189274,0.12374538613938046,1725.880754676357,1482.27602480249,-243.60472987386703
